{
	"__comment": "Designed by Fizzychickens with BDcraft Cubik PRO 0.96 Beta - http://bdcraft.net",
	"textures": {
		"texture": "items/hat",
		"1": "items/hat2",
		"particle": "items/hat"
	},
	"elements": [
		{
			"__comment": "HAT",
			"from": [ 0, 0, 5.5 ],
			"to": [ 16, 0.5, 10.5 ],
			"faces": {
				"down": { "uv": [ 16, 10.5, 0, 5.5 ], "texture": "#texture" },
				"up": { "uv": [ 0, 5.5, 16, 10.5 ], "texture": "#texture" },
				"north": { "uv": [ 0, 15.5, 16, 16 ], "texture": "#texture" },
				"south": { "uv": [ 0, 15.5, 16, 16 ], "texture": "#texture" },
				"west": { "uv": [ 5.5, 15.5, 10.5, 16 ], "texture": "#texture" },
				"east": { "uv": [ 5.5, 15.5, 10.5, 16 ], "texture": "#texture" }
			}
		},
		{
			"__comment": "HAT",
			"from": [ 0, 0.5, 6 ],
			"to": [ 16, 1, 10 ],
			"faces": {
				"up": { "uv": [ 6, 7, 9.5, 11.5 ], "texture": "#texture" },
				"north": { "uv": [ 0, 15, 16, 15.5 ], "texture": "#texture" },
				"south": { "uv": [ 0, 15, 16, 15.5 ], "texture": "#texture" },
				"west": { "uv": [ 6, 15, 10, 15.5 ], "texture": "#texture" },
				"east": { "uv": [ 6, 15, 10, 15.5 ], "texture": "#texture" }
			}
		},
		{
			"__comment": "HAT",
			"from": [ 0.5, 0, 4 ],
			"to": [ 15.5, 0.5, 5.5 ],
			"faces": {
				"down": { "uv": [ 15.5, 5.5, 0.5, 4 ], "texture": "#texture" },
				"up": { "uv": [ 0.5, 4, 15.5, 5.5 ], "texture": "#texture" },
				"north": { "uv": [ 0.5, 15.5, 15.5, 16 ], "texture": "#texture" },
				"west": { "uv": [ 4, 15.5, 5.5, 16 ], "texture": "#texture" },
				"east": { "uv": [ 10.5, 15.5, 12, 16 ], "texture": "#texture" }
			}
		},
		{
			"__comment": "HAT",
			"from": [ 0.5, 0.5, 4.5 ],
			"to": [ 15.5, 1, 6 ],
			"faces": {
				"down": { "uv": [ 15.5, 6, 0.5, 4.5 ], "texture": "#texture" },
				"up": { "uv": [ 0.5, 4.5, 15.5, 6 ], "texture": "#texture" },
				"north": { "uv": [ 0.5, 15, 15.5, 15.5 ], "texture": "#texture" },
				"west": { "uv": [ 4.5, 15, 6, 15.5 ], "texture": "#texture" },
				"east": { "uv": [ 10, 15, 11.5, 15.5 ], "texture": "#texture" }
			}
		},
		{
			"__comment": "HAT",
			"from": [ 0.5, 0.5, 10 ],
			"to": [ 15.5, 1, 11.5 ],
			"faces": {
				"down": { "uv": [ 15.5, 11.5, 0.5, 10 ], "texture": "#texture" },
				"up": { "uv": [ 0.5, 10, 15.5, 11.5 ], "texture": "#texture" },
				"south": { "uv": [ 0.5, 15, 15.5, 15.5 ], "texture": "#texture" },
				"west": { "uv": [ 10, 15, 11.5, 15.5 ], "texture": "#texture" },
				"east": { "uv": [ 4.5, 15, 6, 15.5 ], "texture": "#texture" }
			}
		},
		{
			"__comment": "HAT",
			"from": [ 0.5, 0, 10.5 ],
			"to": [ 15.5, 0.5, 12 ],
			"faces": {
				"down": { "uv": [ 15.5, 12, 0.5, 10.5 ], "texture": "#texture" },
				"up": { "uv": [ 0.5, 10.5, 15.5, 12 ], "texture": "#texture" },
				"south": { "uv": [ 0.5, 15.5, 15.5, 16 ], "texture": "#texture" },
				"west": { "uv": [ 10.5, 15.5, 12, 16 ], "texture": "#texture" },
				"east": { "uv": [ 4, 15.5, 5.5, 16 ], "texture": "#texture" }
			}
		},
		{
			"__comment": "HAT",
			"from": [ 1, 0, 3.5 ],
			"to": [ 15, 1, 4 ],
			"faces": {
				"down": { "uv": [ 15, 4, 1, 3.5 ], "texture": "#texture" },
				"up": { "uv": [ 1, 3.5, 15, 4 ], "texture": "#texture" },
				"north": { "uv": [ 1, 15, 15, 16 ], "texture": "#texture" },
				"south": { "uv": [ 1, 15, 15, 16 ], "texture": "#texture" },
				"west": { "uv": [ 3.5, 15, 4, 16 ], "texture": "#texture" },
				"east": { "uv": [ 12, 15, 12.5, 16 ], "texture": "#texture" }
			}
		},
		{
			"__comment": "HAT",
			"from": [ 1, 0.5, 4 ],
			"to": [ 15, 1, 4.5 ],
			"faces": {
				"up": { "uv": [ 1, 4, 15, 4.5 ], "texture": "#texture" },
				"west": { "uv": [ 4, 15, 4.5, 15.5 ], "texture": "#texture" },
				"east": { "uv": [ 11.5, 15, 12, 15.5 ], "texture": "#texture" }
			}
		},
		{
			"__comment": "HAT",
			"from": [ 1, 0.5, 11.5 ],
			"to": [ 15, 1, 12.5 ],
			"faces": {
				"down": { "uv": [ 15, 12.5, 1, 11.5 ], "texture": "#texture" },
				"up": { "uv": [ 1, 11.5, 15, 12.5 ], "texture": "#texture" },
				"south": { "uv": [ 1, 15, 15, 15.5 ], "texture": "#texture" },
				"west": { "uv": [ 11.5, 15, 12.5, 15.5 ], "texture": "#texture" },
				"east": { "uv": [ 3.5, 15, 4.5, 15.5 ], "texture": "#texture" }
			}
		},
		{
			"__comment": "HAT",
			"from": [ 1, 0, 12 ],
			"to": [ 15, 0.5, 12.5 ],
			"faces": {
				"down": { "uv": [ 15, 12.5, 1, 12 ], "texture": "#texture" },
				"south": { "uv": [ 1, 15.5, 15, 16 ], "texture": "#texture" },
				"west": { "uv": [ 12, 15.5, 12.5, 16 ], "texture": "#texture" },
				"east": { "uv": [ 3.5, 15.5, 4, 16 ], "texture": "#texture" }
			}
		},
		{
			"__comment": "HAT",
			"from": [ 1.5, 0, 2.5 ],
			"to": [ 14.5, 0.5, 3.5 ],
			"faces": {
				"down": { "uv": [ 14.5, 3.5, 1.5, 2.5 ], "texture": "#texture" },
				"up": { "uv": [ 1.5, 2.5, 14.5, 3.5 ], "texture": "#texture" },
				"north": { "uv": [ 1.5, 15.5, 14.5, 16 ], "texture": "#texture" },
				"west": { "uv": [ 2.5, 15.5, 3.5, 16 ], "texture": "#texture" },
				"east": { "uv": [ 12.5, 15.5, 13.5, 16 ], "texture": "#texture" }
			}
		},
		{
			"__comment": "HAT",
			"from": [ 1.5, 0.5, 3 ],
			"to": [ 14.5, 1, 3.5 ],
			"faces": {
				"up": { "uv": [ 1.5, 3, 14.5, 3.5 ], "texture": "#texture" },
				"north": { "uv": [ 1.5, 15, 14.5, 15.5 ], "texture": "#texture" },
				"west": { "uv": [ 3, 15, 3.5, 15.5 ], "texture": "#texture" },
				"east": { "uv": [ 12.5, 15, 13, 15.5 ], "texture": "#texture" }
			}
		},
		{
			"__comment": "HAT",
			"from": [ 1.5, 0, 12.5 ],
			"to": [ 14.5, 0.5, 13.5 ],
			"faces": {
				"down": { "uv": [ 14.5, 13.5, 1.5, 12.5 ], "texture": "#texture" },
				"up": { "uv": [ 1.5, 12.5, 14.5, 13.5 ], "texture": "#texture" },
				"south": { "uv": [ 1.5, 15.5, 14.5, 16 ], "texture": "#texture" },
				"west": { "uv": [ 12.5, 15.5, 13.5, 16 ], "texture": "#texture" },
				"east": { "uv": [ 2.5, 15.5, 3.5, 16 ], "texture": "#texture" }
			}
		},
		{
			"__comment": "HAT",
			"from": [ 1.5, 0.5, 12.5 ],
			"to": [ 14.5, 1, 13 ],
			"faces": {
				"up": { "uv": [ 1.5, 12.5, 14.5, 13 ], "texture": "#texture" },
				"south": { "uv": [ 1.5, 15, 14.5, 15.5 ], "texture": "#texture" },
				"west": { "uv": [ 12.5, 15, 13, 15.5 ], "texture": "#texture" },
				"east": { "uv": [ 3, 15, 3.5, 15.5 ], "texture": "#texture" }
			}
		},
		{
			"__comment": "HAT",
			"from": [ 2, 0, 2 ],
			"to": [ 14, 0.5, 2.5 ],
			"faces": {
				"down": { "uv": [ 14, 2.5, 2, 2 ], "texture": "#texture" },
				"up": { "uv": [ 2, 2, 14, 2.5 ], "texture": "#texture" },
				"north": { "uv": [ 2, 15.5, 14, 16 ], "texture": "#texture" },
				"west": { "uv": [ 2, 15.5, 2.5, 16 ], "texture": "#texture" },
				"east": { "uv": [ 13.5, 15.5, 14, 16 ], "texture": "#texture" }
			}
		},
		{
			"__comment": "HAT",
			"from": [ 2, 0.5, 2.5 ],
			"to": [ 14, 1, 3 ],
			"faces": {
				"up": { "uv": [ 2, 2.5, 14, 3 ], "texture": "#texture" },
				"north": { "uv": [ 2, 15, 14, 15.5 ], "texture": "#texture" },
				"west": { "uv": [ 2.5, 15, 3, 15.5 ], "texture": "#texture" },
				"east": { "uv": [ 13, 15, 13.5, 15.5 ], "texture": "#texture" }
			}
		},
		{
			"__comment": "HAT",
			"from": [ 2, 0.5, 13 ],
			"to": [ 14, 1, 13.5 ],
			"faces": {
				"up": { "uv": [ 2, 13, 14, 13.5 ], "texture": "#texture" },
				"south": { "uv": [ 2, 15, 14, 15.5 ], "texture": "#texture" },
				"west": { "uv": [ 13, 15, 13.5, 15.5 ], "texture": "#texture" },
				"east": { "uv": [ 2.5, 15, 3, 15.5 ], "texture": "#texture" }
			}
		},
		{
			"__comment": "HAT",
			"from": [ 2, 0, 13.5 ],
			"to": [ 14, 0.5, 14 ],
			"faces": {
				"down": { "uv": [ 14, 14, 2, 13.5 ], "texture": "#texture" },
				"up": { "uv": [ 2, 13.5, 14, 14 ], "texture": "#texture" },
				"south": { "uv": [ 2, 15.5, 14, 16 ], "texture": "#texture" },
				"west": { "uv": [ 13.5, 15.5, 14, 16 ], "texture": "#texture" },
				"east": { "uv": [ 2, 15.5, 2.5, 16 ], "texture": "#texture" }
			}
		},
		{
			"__comment": "HAT",
			"from": [ 2.5, 0, 1.5 ],
			"to": [ 13.5, 0.5, 2 ],
			"faces": {
				"down": { "uv": [ 13.5, 2, 2.5, 1.5 ], "texture": "#texture" },
				"up": { "uv": [ 2.5, 1.5, 13.5, 2 ], "texture": "#texture" },
				"north": { "uv": [ 2.5, 15.5, 13.5, 16 ], "texture": "#texture" },
				"west": { "uv": [ 1.5, 15.5, 2, 16 ], "texture": "#texture" },
				"east": { "uv": [ 14, 15.5, 14.5, 16 ], "texture": "#texture" }
			}
		},
		{
			"__comment": "HAT",
			"from": [ 2.5, 0.5, 2 ],
			"to": [ 13.5, 1, 2.5 ],
			"faces": {
				"up": { "uv": [ 2.5, 2, 13.5, 2.5 ], "texture": "#texture" },
				"north": { "uv": [ 2.5, 15, 13.5, 15.5 ], "texture": "#texture" },
				"west": { "uv": [ 2, 15, 2.5, 15.5 ], "texture": "#texture" },
				"east": { "uv": [ 13.5, 15, 14, 15.5 ], "texture": "#texture" }
			}
		},
		{
			"__comment": "HAT",
			"from": [ 2.5, 0.5, 13.5 ],
			"to": [ 13.5, 1, 14 ],
			"faces": {
				"up": { "uv": [ 2.5, 13.5, 13.5, 14 ], "texture": "#texture" },
				"south": { "uv": [ 2.5, 15, 13.5, 15.5 ], "texture": "#texture" },
				"west": { "uv": [ 13.5, 15, 14, 15.5 ], "texture": "#texture" },
				"east": { "uv": [ 2, 15, 2.5, 15.5 ], "texture": "#texture" }
			}
		},
		{
			"__comment": "HAT",
			"from": [ 2.5, 0, 14 ],
			"to": [ 13.5, 0.5, 14.5 ],
			"faces": {
				"down": { "uv": [ 13.5, 14.5, 2.5, 14 ], "texture": "#texture" },
				"up": { "uv": [ 2.5, 14, 13.5, 14.5 ], "texture": "#texture" },
				"south": { "uv": [ 2.5, 15.5, 13.5, 16 ], "texture": "#texture" },
				"west": { "uv": [ 14, 15.5, 14.5, 16 ], "texture": "#texture" },
				"east": { "uv": [ 1.5, 15.5, 2, 16 ], "texture": "#texture" }
			}
		},
		{
			"__comment": "HAT",
			"from": [ 3, 0.5, 1.5 ],
			"to": [ 13, 1, 2 ],
			"faces": {
				"up": { "uv": [ 3, 1.5, 13, 2 ], "texture": "#texture" },
				"north": { "uv": [ 3, 15, 13, 15.5 ], "texture": "#texture" },
				"west": { "uv": [ 1.5, 15, 2, 15.5 ], "texture": "#texture" },
				"east": { "uv": [ 14, 15, 14.5, 15.5 ], "texture": "#texture" }
			}
		},
		{
			"__comment": "HAT",
			"from": [ 3, 1, 6 ],
			"to": [ 13, 1.5, 10.5 ],
			"faces": {
				"down": { "uv": [ 13, 10.5, 3, 6 ], "texture": "#texture" },
				"up": { "uv": [ 3, 6, 13, 10.5 ], "texture": "#texture" },
				"north": { "uv": [ 3, 14.5, 13, 15 ], "texture": "#texture" },
				"south": { "uv": [ 3, 14.5, 13, 15 ], "texture": "#texture" },
				"west": { "uv": [ 6, 14.5, 10.5, 15 ], "texture": "#texture" },
				"east": { "uv": [ 5.5, 14.5, 10, 15 ], "texture": "#texture" }
			}
		},
		{
			"__comment": "HAT",
			"from": [ 3, 0.5, 14 ],
			"to": [ 13, 1, 14.5 ],
			"faces": {
				"up": { "uv": [ 3, 14, 13, 14.5 ], "texture": "#texture" },
				"south": { "uv": [ 3, 15, 13, 15.5 ], "texture": "#texture" },
				"west": { "uv": [ 14, 15, 14.5, 15.5 ], "texture": "#texture" },
				"east": { "uv": [ 1.5, 15, 2, 15.5 ], "texture": "#texture" }
			}
		},
		{
			"__comment": "HAT",
			"from": [ 3, 0, 14.5 ],
			"to": [ 13, 0.5, 15 ],
			"faces": {
				"down": { "uv": [ 13, 15, 3, 14.5 ], "texture": "#texture" },
				"up": { "uv": [ 3, 14.5, 13, 15 ], "texture": "#texture" },
				"south": { "uv": [ 3, 15.5, 13, 16 ], "texture": "#texture" },
				"west": { "uv": [ 14.5, 15.5, 15, 16 ], "texture": "#texture" },
				"east": { "uv": [ 1, 15.5, 1.5, 16 ], "texture": "#texture" }
			}
		},
		{
			"__comment": "HAT",
			"from": [ 3.5, 0, 1 ],
			"to": [ 12.5, 1, 1.5 ],
			"faces": {
				"down": { "uv": [ 12.5, 1.5, 3.5, 1 ], "texture": "#texture" },
				"up": { "uv": [ 3.5, 1, 12.5, 1.5 ], "texture": "#texture" },
				"north": { "uv": [ 3.5, 15, 12.5, 16 ], "texture": "#texture" },
				"south": { "uv": [ 3.5, 15, 12.5, 16 ], "texture": "#texture" },
				"west": { "uv": [ 1, 15, 1.5, 16 ], "texture": "#texture" },
				"east": { "uv": [ 14.5, 15, 15, 16 ], "texture": "#texture" }
			}
		},
		{
			"__comment": "HAT",
			"from": [ 3.5, 1, 5 ],
			"to": [ 12.5, 1.5, 6 ],
			"faces": {
				"up": { "uv": [ 3.5, 5, 12.5, 6 ], "texture": "#texture" },
				"north": { "uv": [ 3.5, 14.5, 12.5, 15 ], "texture": "#texture" },
				"west": { "uv": [ 5, 14.5, 6, 15 ], "texture": "#texture" },
				"east": { "uv": [ 10, 14.5, 11, 15 ], "texture": "#texture" }
			}
		},
		{
			"__comment": "HAT",
			"from": [ 3.5, 1.5, 6.5 ],
			"to": [ 12, 2, 9.5 ],
			"faces": {
				"up": { "uv": [ 3.5, 6.5, 12, 9.5 ], "texture": "#texture" },
				"north": { "uv": [ 4, 14, 12.5, 14.5 ], "texture": "#texture" },
				"south": { "uv": [ 3.5, 14, 12, 14.5 ], "texture": "#texture" },
				"west": { "uv": [ 6.5, 14, 9.5, 14.5 ], "texture": "#texture" },
				"east": { "uv": [ 6.5, 14, 9.5, 14.5 ], "texture": "#texture" }
			}
		},
		{
			"__comment": "HAT",
			"from": [ 3.5, 15, 7.5 ],
			"to": [ 7, 15.5, 8.5 ],
			"faces": {
				"down": { "uv": [ 12.5, 8.5, 9, 7.5 ], "texture": "#texture" },
				"up": { "uv": [ 3.5, 7.5, 7, 8.5 ], "texture": "#texture" },
				"north": { "uv": [ 9, 0.5, 12.5, 1 ], "texture": "#texture" },
				"south": { "uv": [ 3.5, 0.5, 7, 1 ], "texture": "#texture" },
				"west": { "uv": [ 7.5, 0.5, 8.5, 1 ], "texture": "#texture" },
				"east": { "uv": [ 7.5, 0.5, 8.5, 1 ], "texture": "#texture" }
			}
		},
		{
			"__comment": "HAT",
			"from": [ 3.5, 1, 10.5 ],
			"to": [ 12.5, 1.5, 11 ],
			"faces": {
				"up": { "uv": [ 4.5, 10.5, 11.5, 11.5 ], "texture": "#texture" },
				"south": { "uv": [ 3.5, 14.5, 12.5, 15 ], "texture": "#texture" },
				"west": { "uv": [ 10.5, 14.5, 11, 15 ], "texture": "#texture" },
				"east": { "uv": [ 5, 14.5, 5.5, 15 ], "texture": "#texture" }
			}
		},
		{
			"__comment": "HAT",
			"from": [ 3.5, 0.5, 14.5 ],
			"to": [ 12.5, 1, 15 ],
			"faces": {
				"up": { "uv": [ 3.5, 14.5, 12.5, 15 ], "texture": "#texture" },
				"south": { "uv": [ 3.5, 15, 12.5, 15.5 ], "texture": "#texture" },
				"west": { "uv": [ 14.5, 15, 15, 15.5 ], "texture": "#texture" },
				"east": { "uv": [ 1, 15, 1.5, 15.5 ], "texture": "#texture" }
			}
		},
		{
			"__comment": "HAT",
			"from": [ 4, 0, 0.5 ],
			"to": [ 12, 0.5, 1 ],
			"faces": {
				"down": { "uv": [ 12, 1, 4, 0.5 ], "texture": "#texture" },
				"up": { "uv": [ 4, 0.5, 12, 1 ], "texture": "#texture" },
				"north": { "uv": [ 4, 15.5, 12, 16 ], "texture": "#texture" },
				"west": { "uv": [ 0.5, 15.5, 1, 16 ], "texture": "#texture" },
				"east": { "uv": [ 15, 15.5, 15.5, 16 ], "texture": "#texture" }
			}
		},
		{
			"__comment": "HAT",
			"from": [ 4, 1, 4 ],
			"to": [ 11.5, 1.5, 5 ],
			"faces": {
				"down": { "uv": [ 12, 5, 4.5, 4 ], "texture": "#texture" },
				"up": { "uv": [ 4, 4, 11.5, 5 ], "texture": "#texture" },
				"north": { "uv": [ 4.5, 14.5, 12, 15 ], "texture": "#texture" },
				"west": { "uv": [ 4, 14.5, 5, 15 ], "texture": "#texture" },
				"east": { "uv": [ 11, 14.5, 12, 15 ], "texture": "#texture" }
			}
		},
		{
			"__comment": "HAT",
			"from": [ 4, 1.5, 5.5 ],
			"to": [ 12, 2, 6.5 ],
			"faces": {
				"down": { "uv": [ 12, 6.5, 4, 5.5 ], "texture": "#texture" },
				"up": { "uv": [ 4, 5.5, 12, 6.5 ], "texture": "#texture" },
				"north": { "uv": [ 4, 14, 12, 14.5 ], "texture": "#texture" },
				"west": { "uv": [ 5.5, 14, 6.5, 14.5 ], "texture": "#texture" },
				"east": { "uv": [ 9.5, 14, 10.5, 14.5 ], "texture": "#texture" }
			}
		},
		{
			"__comment": "HAT",
			"from": [ 4, 2, 6 ],
			"to": [ 12, 2.5, 10 ],
			"faces": {
				"down": { "uv": [ 5.5, 6, 10.5, 9.5 ], "texture": "#texture" },
				"up": { "uv": [ 5.5, 6, 10.5, 9.5 ], "texture": "#texture" },
				"north": { "uv": [ 4, 13.5, 12, 14 ], "texture": "#texture" },
				"south": { "uv": [ 4, 13.5, 12, 14 ], "texture": "#texture" },
				"west": { "uv": [ 6, 13.5, 10, 14 ], "texture": "#texture" },
				"east": { "uv": [ 6, 13.5, 10, 14 ], "texture": "#texture" }
			}
		},
		{
			"__comment": "HAT",
			"from": [ 4, 2.5, 6 ],
			"to": [ 12, 3, 9.5 ],
			"faces": {
				"up": { "uv": [ 5.5, 6, 10.5, 9.5 ], "texture": "#texture" },
				"north": { "uv": [ 4, 13, 12, 13.5 ], "texture": "#texture" },
				"south": { "uv": [ 4, 13, 12, 13.5 ], "texture": "#texture" },
				"west": { "uv": [ 6, 13, 9.5, 13.5 ], "texture": "#1" },
				"east": { "uv": [ 6.5, 13, 10, 13.5 ], "texture": "#texture" }
			}
		},
		{
			"__comment": "HAT",
			"from": [ 4, 3, 6.5 ],
			"to": [ 11.5, 3.5, 9.5 ],
			"faces": {
				"up": { "uv": [ 4, 6.5, 11.5, 9.5 ], "texture": "#texture" },
				"north": { "uv": [ 4.5, 12.5, 12, 13 ], "texture": "#texture" },
				"south": { "uv": [ 4, 12.5, 11.5, 13 ], "texture": "#texture" },
				"west": { "uv": [ 6.5, 12.5, 9.5, 13 ], "texture": "#1" },
				"east": { "uv": [ 6.5, 12.5, 9.5, 13 ], "texture": "#texture" }
			}
		},
		{
			"__comment": "HAT",
			"from": [ 4, 3.5, 7 ],
			"to": [ 11.5, 4, 8.5 ],
			"faces": {
				"up": { "uv": [ 4, 7, 11.5, 8.5 ], "texture": "#texture" },
				"north": { "uv": [ 4.5, 12, 12, 12.5 ], "texture": "#texture" },
				"south": { "uv": [ 4, 12, 11.5, 12.5 ], "texture": "#texture" },
				"west": { "uv": [ 7, 12, 8.5, 12.5 ], "texture": "#1" },
				"east": { "uv": [ 7.5, 12, 9, 12.5 ], "texture": "#texture" }
			}
		},
		{
			"__comment": "HAT",
			"from": [ 4, 15.5, 7.5 ],
			"to": [ 6, 16, 8.5 ],
			"faces": {
				"up": { "uv": [ 4, 7.5, 6, 8.5 ], "texture": "#texture" },
				"north": { "uv": [ 10, 0, 12, 0.5 ], "texture": "#texture" },
				"south": { "uv": [ 4, 0, 6, 0.5 ], "texture": "#texture" },
				"west": { "uv": [ 7.5, 0, 8.5, 0.5 ], "texture": "#texture" },
				"east": { "uv": [ 7.5, 0, 8.5, 0.5 ], "texture": "#texture" }
			}
		},
		{
			"__comment": "HAT",
			"from": [ 4, 1.5, 9.5 ],
			"to": [ 12, 2, 10.5 ],
			"faces": {
				"up": { "uv": [ 4, 9.5, 12, 10.5 ], "texture": "#texture" },
				"south": { "uv": [ 4, 14, 12, 14.5 ], "texture": "#texture" },
				"west": { "uv": [ 9.5, 14, 10.5, 14.5 ], "texture": "#texture" },
				"east": { "uv": [ 5.5, 14, 6.5, 14.5 ], "texture": "#texture" }
			}
		},
		{
			"__comment": "HAT",
			"from": [ 4, 1, 11 ],
			"to": [ 11.5, 1.5, 12 ],
			"faces": {
				"down": { "uv": [ 12, 12, 4.5, 11 ], "texture": "#texture" },
				"up": { "uv": [ 4, 11, 11.5, 12 ], "texture": "#texture" },
				"south": { "uv": [ 4, 14.5, 11.5, 15 ], "texture": "#texture" },
				"west": { "uv": [ 11, 14.5, 12, 15 ], "texture": "#texture" },
				"east": { "uv": [ 4, 14.5, 5, 15 ], "texture": "#texture" }
			}
		},
		{
			"__comment": "HAT",
			"from": [ 4, 0, 15 ],
			"to": [ 12, 0.5, 15.5 ],
			"faces": {
				"down": { "uv": [ 12, 15.5, 4, 15 ], "texture": "#texture" },
				"up": { "uv": [ 4, 15, 12, 15.5 ], "texture": "#texture" },
				"south": { "uv": [ 4, 15.5, 12, 16 ], "texture": "#texture" },
				"west": { "uv": [ 15, 15.5, 15.5, 16 ], "texture": "#texture" },
				"east": { "uv": [ 0.5, 15.5, 1, 16 ], "texture": "#texture" }
			}
		},
		{
			"__comment": "HAT",
			"from": [ 4.5, 0.5, 0.5 ],
			"to": [ 11.5, 1, 1 ],
			"faces": {
				"up": { "uv": [ 4.5, 0.5, 11.5, 1 ], "texture": "#texture" },
				"north": { "uv": [ 4.5, 15, 11.5, 15.5 ], "texture": "#texture" },
				"west": { "uv": [ 0.5, 15, 1, 15.5 ], "texture": "#texture" },
				"east": { "uv": [ 15, 15, 15.5, 15.5 ], "texture": "#texture" }
			}
		},
		{
			"__comment": "HAT",
			"from": [ 4.5, 1.5, 5 ],
			"to": [ 11.5, 2, 5.5 ],
			"faces": {
				"up": { "uv": [ 4.5, 5, 11.5, 5.5 ], "texture": "#texture" },
				"north": { "uv": [ 4.5, 14, 11.5, 14.5 ], "texture": "#texture" },
				"west": { "uv": [ 5, 14, 5.5, 14.5 ], "texture": "#texture" },
				"east": { "uv": [ 10.5, 14, 11, 14.5 ], "texture": "#texture" }
			}
		},
		{
			"__comment": "HAT",
			"from": [ 4.5, 2, 5.5 ],
			"to": [ 11.5, 3, 6 ],
			"faces": {
				"up": { "uv": [ 4.5, 5.5, 11.5, 6 ], "texture": "#texture" },
				"north": { "uv": [ 4.5, 13, 11.5, 14 ], "texture": "#texture" },
				"south": { "uv": [ 4.5, 13, 11.5, 14 ], "texture": "#texture" },
				"west": { "uv": [ 5.5, 13, 6, 14 ], "texture": "#texture" },
				"east": { "uv": [ 10, 13, 10.5, 14 ], "texture": "#texture" }
			}
		},
		{
			"__comment": "HAT",
			"from": [ 4.5, 3, 6 ],
			"to": [ 11.5, 4, 6.5 ],
			"faces": {
				"up": { "uv": [ 4.5, 6, 11.5, 6.5 ], "texture": "#texture" },
				"north": { "uv": [ 4.5, 12, 11.5, 13 ], "texture": "#texture" },
				"south": { "uv": [ 4.5, 12, 11.5, 13 ], "texture": "#texture" },
				"west": { "uv": [ 6, 12, 6.5, 13 ], "texture": "#texture" },
				"east": { "uv": [ 9.5, 12, 10, 13 ], "texture": "#texture" }
			}
		},
		{
			"__comment": "HAT",
			"from": [ 4.5, 3.5, 6.5 ],
			"to": [ 11.5, 5, 7 ],
			"faces": {
				"up": { "uv": [ 5.5, 6.5, 10.5, 7 ], "texture": "#texture" },
				"north": { "uv": [ 4.5, 11, 11.5, 12.5 ], "texture": "#texture" },
				"south": { "uv": [ 4.5, 11, 11.5, 12.5 ], "texture": "#texture" },
				"west": { "uv": [ 6.5, 11, 7, 12.5 ], "texture": "#texture" },
				"east": { "uv": [ 9, 11, 9.5, 12.5 ], "texture": "#texture" }
			}
		},
		{
			"__comment": "HAT",
			"from": [ 4.5, 4, 7 ],
			"to": [ 11.5, 4.5, 10 ],
			"faces": {
				"down": { "uv": [ 5.5, 7, 10.5, 10 ], "texture": "#texture" },
				"up": { "uv": [ 5.5, 7, 10.5, 10 ], "texture": "#texture" },
				"south": { "uv": [ 4.5, 11.5, 11.5, 12 ], "texture": "#texture" },
				"west": { "uv": [ 7, 11.5, 10, 12 ], "texture": "#texture" },
				"east": { "uv": [ 6, 11.5, 9, 12 ], "texture": "#texture" }
			}
		},
		{
			"__comment": "HAT",
			"from": [ 4.5, 4.5, 7 ],
			"to": [ 11, 5.5, 9.5 ],
			"faces": {
				"up": { "uv": [ 4.5, 7, 11, 9.5 ], "texture": "#texture" },
				"north": { "uv": [ 5, 10.5, 11.5, 11.5 ], "texture": "#texture" },
				"south": { "uv": [ 4.5, 10.5, 11, 11.5 ], "texture": "#texture" },
				"west": { "uv": [ 7, 10.5, 9.5, 11.5 ], "texture": "#texture" },
				"east": { "uv": [ 6.5, 10.5, 9, 11.5 ], "texture": "#texture" }
			}
		},
		{
			"__comment": "HAT",
			"from": [ 4.5, 5.5, 7.5 ],
			"to": [ 11.5, 6, 9 ],
			"faces": {
				"down": { "uv": [ 5.5, 7.5, 10.5, 9 ], "texture": "#texture" },
				"up": { "uv": [ 5.5, 7.5, 10.5, 9 ], "texture": "#texture" },
				"north": { "uv": [ 4.5, 10, 11.5, 10.5 ], "texture": "#texture" },
				"south": { "uv": [ 4.5, 10, 11.5, 10.5 ], "texture": "#texture" },
				"west": { "uv": [ 7.5, 10, 9, 10.5 ], "texture": "#1" },
				"east": { "uv": [ 7, 10, 8.5, 10.5 ], "texture": "#texture" }
			}
		},
		{
			"__comment": "HAT",
			"from": [ 4.5, 14.5, 7.5 ],
			"to": [ 8, 15, 8.5 ],
			"faces": {
				"down": { "uv": [ 11.5, 8.5, 8, 7.5 ], "texture": "#texture" },
				"up": { "uv": [ 4.5, 7.5, 8, 8.5 ], "texture": "#texture" },
				"north": { "uv": [ 8, 1, 11.5, 1.5 ], "texture": "#texture" },
				"south": { "uv": [ 4.5, 1, 8, 1.5 ], "texture": "#texture" },
				"west": { "uv": [ 7.5, 1, 8.5, 1.5 ], "texture": "#texture" },
				"east": { "uv": [ 7.5, 1, 8.5, 1.5 ], "texture": "#texture" }
			}
		},
		{
			"__comment": "HAT",
			"from": [ 4.5, 3.5, 8.5 ],
			"to": [ 11.5, 4, 10 ],
			"faces": {
				"down": { "uv": [ 11.5, 10, 4.5, 8.5 ], "texture": "#texture" },
				"south": { "uv": [ 4.5, 12, 11.5, 12.5 ], "texture": "#texture" },
				"west": { "uv": [ 8.5, 12, 10, 12.5 ], "texture": "#texture" },
				"east": { "uv": [ 6, 12, 7.5, 12.5 ], "texture": "#texture" }
			}
		},
		{
			"__comment": "HAT",
			"from": [ 4.5, 2.5, 9.5 ],
			"to": [ 11.5, 3.5, 10.5 ],
			"faces": {
				"down": { "uv": [ 11.5, 10.5, 4.5, 9.5 ], "texture": "#texture" },
				"up": { "uv": [ 4.5, 9.5, 11.5, 10.5 ], "texture": "#texture" },
				"north": { "uv": [ 4.5, 12.5, 11.5, 13.5 ], "texture": "#texture" },
				"south": { "uv": [ 4.5, 12.5, 11.5, 13.5 ], "texture": "#texture" },
				"west": { "uv": [ 9.5, 12.5, 10.5, 13.5 ], "texture": "#1" },
				"east": { "uv": [ 5.5, 12.5, 6.5, 13.5 ], "texture": "#texture" }
			}
		},
		{
			"__comment": "HAT",
			"from": [ 4.5, 2, 10 ],
			"to": [ 11.5, 2.5, 11 ],
			"faces": {
				"down": { "uv": [ 11.5, 11, 4.5, 10 ], "texture": "#texture" },
				"up": { "uv": [ 4.5, 10, 11.5, 11 ], "texture": "#texture" },
				"south": { "uv": [ 4.5, 13.5, 11.5, 14 ], "texture": "#texture" },
				"west": { "uv": [ 10, 13.5, 11, 14 ], "texture": "#texture" },
				"east": { "uv": [ 5, 13.5, 6, 14 ], "texture": "#texture" }
			}
		},
		{
			"__comment": "HAT",
			"from": [ 4.5, 1.5, 10.5 ],
			"to": [ 11, 2, 11.5 ],
			"faces": {
				"down": { "uv": [ 11.5, 11.5, 5, 10.5 ], "texture": "#texture" },
				"up": { "uv": [ 4.5, 10.5, 11, 11.5 ], "texture": "#texture" },
				"south": { "uv": [ 4.5, 14, 11, 14.5 ], "texture": "#texture" },
				"west": { "uv": [ 10.5, 14, 11.5, 14.5 ], "texture": "#texture" },
				"east": { "uv": [ 4.5, 14, 5.5, 14.5 ], "texture": "#texture" }
			}
		},
		{
			"__comment": "HAT",
			"from": [ 4.5, 0.5, 15 ],
			"to": [ 11.5, 1, 15.5 ],
			"faces": {
				"up": { "uv": [ 4.5, 15, 11.5, 15.5 ], "texture": "#texture" },
				"south": { "uv": [ 4.5, 15, 11.5, 15.5 ], "texture": "#texture" },
				"west": { "uv": [ 15, 15, 15.5, 15.5 ], "texture": "#texture" },
				"east": { "uv": [ 0.5, 15, 1, 15.5 ], "texture": "#texture" }
			}
		},
		{
			"__comment": "HAT",
			"from": [ 5, 1, 3.5 ],
			"to": [ 11, 1.5, 4 ],
			"faces": {
				"up": { "uv": [ 5, 3.5, 11, 4 ], "texture": "#texture" },
				"north": { "uv": [ 5, 14.5, 11, 15 ], "texture": "#texture" },
				"west": { "uv": [ 3.5, 14.5, 4, 15 ], "texture": "#texture" },
				"east": { "uv": [ 12, 14.5, 12.5, 15 ], "texture": "#texture" }
			}
		},
		{
			"__comment": "HAT",
			"from": [ 5, 1.5, 4.5 ],
			"to": [ 10.5, 2.5, 5 ],
			"faces": {
				"up": { "uv": [ 5, 4.5, 10.5, 5 ], "texture": "#texture" },
				"north": { "uv": [ 5.5, 13.5, 11, 14.5 ], "texture": "#texture" },
				"south": { "uv": [ 5, 13.5, 10.5, 14.5 ], "texture": "#texture" },
				"west": { "uv": [ 4.5, 13.5, 5, 14.5 ], "texture": "#texture" },
				"east": { "uv": [ 11, 13.5, 11.5, 14.5 ], "texture": "#texture" }
			}
		},
		{
			"__comment": "HAT",
			"from": [ 5, 2, 5 ],
			"to": [ 11, 3, 5.5 ],
			"faces": {
				"up": { "uv": [ 5, 5, 11, 5.5 ], "texture": "#texture" },
				"north": { "uv": [ 5, 13, 11, 14 ], "texture": "#texture" },
				"west": { "uv": [ 5, 13, 5.5, 14 ], "texture": "#texture" },
				"east": { "uv": [ 10.5, 13, 11, 14 ], "texture": "#texture" }
			}
		},
		{
			"__comment": "HAT",
			"from": [ 5, 3, 5.5 ],
			"to": [ 11, 3.5, 6 ],
			"faces": {
				"up": { "uv": [ 5, 5.5, 11, 6 ], "texture": "#texture" },
				"north": { "uv": [ 5, 12.5, 11, 13 ], "texture": "#texture" },
				"west": { "uv": [ 5.5, 12.5, 6, 13 ], "texture": "#1" },
				"east": { "uv": [ 10, 12.5, 10.5, 13 ], "texture": "#texture" }
			}
		},
		{
			"__comment": "HAT",
			"from": [ 5, 4, 6 ],
			"to": [ 11, 6, 6.5 ],
			"faces": {
				"up": { "uv": [ 5.5, 6, 10.5, 6.5 ], "texture": "#texture" },
				"north": { "uv": [ 5, 10, 11, 12 ], "texture": "#texture" },
				"south": { "uv": [ 5, 10, 11, 12 ], "texture": "#texture" },
				"west": { "uv": [ 6, 10, 6.5, 12 ], "texture": "#1" },
				"east": { "uv": [ 9.5, 10, 10, 12 ], "texture": "#texture" }
			}
		},
		{
			"__comment": "HAT",
			"from": [ 5, 5, 6.5 ],
			"to": [ 11, 7, 7 ],
			"faces": {
				"up": { "uv": [ 5.5, 6.5, 10.5, 7 ], "texture": "#texture" },
				"north": { "uv": [ 5, 9, 11, 11 ], "texture": "#texture" },
				"south": { "uv": [ 5, 9, 11, 11 ], "texture": "#texture" },
				"west": { "uv": [ 6.5, 9, 7, 11 ], "texture": "#1" },
				"east": { "uv": [ 9, 9, 9.5, 11 ], "texture": "#texture" }
			}
		},
		{
			"__comment": "HAT",
			"from": [ 5, 5.5, 7 ],
			"to": [ 11, 7.5, 7.5 ],
			"faces": {
				"up": { "uv": [ 5.5, 7, 10.5, 7.5 ], "texture": "#texture" },
				"north": { "uv": [ 5, 8.5, 11, 10.5 ], "texture": "#texture" },
				"south": { "uv": [ 5, 8.5, 11, 10.5 ], "texture": "#texture" },
				"west": { "uv": [ 7, 8.5, 7.5, 10.5 ], "texture": "#texture" },
				"east": { "uv": [ 8.5, 8.5, 9, 10.5 ], "texture": "#texture" }
			}
		},
		{
			"__comment": "HAT",
			"from": [ 5, 14.5, 7 ],
			"to": [ 6.5, 15.5, 7.5 ],
			"faces": {
				"down": { "uv": [ 11, 7.5, 9.5, 7 ], "texture": "#texture" },
				"up": { "uv": [ 5, 7, 6.5, 7.5 ], "texture": "#texture" },
				"north": { "uv": [ 9.5, 0.5, 11, 1.5 ], "texture": "#texture" },
				"south": { "uv": [ 5, 0.5, 6.5, 1.5 ], "texture": "#texture" },
				"west": { "uv": [ 7, 0.5, 7.5, 1.5 ], "texture": "#texture" },
				"east": { "uv": [ 8.5, 0.5, 9, 1.5 ], "texture": "#texture" }
			}
		},
		{
			"__comment": "HAT",
			"from": [ 5, 6, 7.5 ],
			"to": [ 10.5, 6.5, 10 ],
			"faces": {
				"down": { "uv": [ 11, 10, 5.5, 7.5 ], "texture": "#texture" },
				"up": { "uv": [ 5, 7.5, 10.5, 10 ], "texture": "#texture" },
				"south": { "uv": [ 5, 9.5, 10.5, 10 ], "texture": "#texture" },
				"west": { "uv": [ 7.5, 9.5, 10, 10 ], "texture": "#1" },
				"east": { "uv": [ 6, 9.5, 8.5, 10 ], "texture": "#texture" }
			}
		},
		{
			"__comment": "HAT",
			"from": [ 5, 6.5, 7.5 ],
			"to": [ 11, 7, 9.5 ],
			"faces": {
				"down": { "uv": [ 11, 9.5, 5, 7.5 ], "texture": "#texture" },
				"up": { "uv": [ 5, 7.5, 11, 9.5 ], "texture": "#texture" },
				"south": { "uv": [ 5, 9, 11, 9.5 ], "texture": "#texture" },
				"west": { "uv": [ 7.5, 9, 9.5, 9.5 ], "texture": "#1" },
				"east": { "uv": [ 6.5, 9, 8.5, 9.5 ], "texture": "#texture" }
			}
		},
		{
			"__comment": "HAT",
			"from": [ 5, 7, 7.5 ],
			"to": [ 11, 8, 9 ],
			"faces": {
				"up": { "uv": [ 5, 8, 11, 9.5 ], "texture": "#texture" },
				"north": { "uv": [ 5, 8, 11, 9 ], "texture": "#texture" },
				"south": { "uv": [ 5, 8, 11, 9 ], "texture": "#texture" },
				"west": { "uv": [ 7.5, 8, 9, 9 ], "texture": "#texture" },
				"east": { "uv": [ 7, 8, 8.5, 9 ], "texture": "#texture" }
			}
		},
		{
			"__comment": "HAT",
			"from": [ 5, 14, 7.5 ],
			"to": [ 8, 14.5, 9 ],
			"faces": {
				"down": { "uv": [ 11, 9, 8, 7.5 ], "texture": "#texture" },
				"up": { "uv": [ 5, 7.5, 8, 9 ], "texture": "#texture" },
				"north": { "uv": [ 8, 1.5, 11, 2 ], "texture": "#texture" },
				"south": { "uv": [ 5, 1.5, 8, 2 ], "texture": "#texture" },
				"west": { "uv": [ 7.5, 1.5, 9, 2 ], "texture": "#texture" },
				"east": { "uv": [ 7, 1.5, 8.5, 2 ], "texture": "#texture" }
			}
		},
		{
			"__comment": "HAT",
			"from": [ 5, 14.5, 8.5 ],
			"to": [ 6.5, 15.5, 9 ],
			"faces": {
				"up": { "uv": [ 5, 8.5, 6.5, 9 ], "texture": "#texture" },
				"north": { "uv": [ 9.5, 0.5, 11, 1.5 ], "texture": "#texture" },
				"south": { "uv": [ 5, 0.5, 6.5, 1.5 ], "texture": "#texture" },
				"west": { "uv": [ 8.5, 0.5, 9, 1.5 ], "texture": "#texture" },
				"east": { "uv": [ 7, 0.5, 7.5, 1.5 ], "texture": "#texture" }
			}
		},
		{
			"__comment": "HAT",
			"from": [ 5, 5.5, 9 ],
			"to": [ 11, 6, 10 ],
			"faces": {
				"down": { "uv": [ 11, 10, 5, 9 ], "texture": "#texture" },
				"up": { "uv": [ 5, 9, 11, 10 ], "texture": "#texture" },
				"south": { "uv": [ 5, 10, 11, 10.5 ], "texture": "#texture" },
				"west": { "uv": [ 9, 10, 10, 10.5 ], "texture": "#1" },
				"east": { "uv": [ 6, 10, 7, 10.5 ], "texture": "#texture" }
			}
		},
		{
			"__comment": "HAT",
			"from": [ 5, 4.5, 9.5 ],
			"to": [ 11, 5, 10.5 ],
			"faces": {
				"down": { "uv": [ 11, 10.5, 5, 9.5 ], "texture": "#texture" },
				"up": { "uv": [ 5, 9.5, 11, 10.5 ], "texture": "#texture" },
				"south": { "uv": [ 5, 11, 11, 11.5 ], "texture": "#texture" },
				"west": { "uv": [ 9.5, 11, 10.5, 11.5 ], "texture": "#texture" },
				"east": { "uv": [ 5.5, 11, 6.5, 11.5 ], "texture": "#texture" }
			}
		},
		{
			"__comment": "HAT",
			"from": [ 5, 5, 9.5 ],
			"to": [ 11, 5.5, 10 ],
			"faces": {
				"south": { "uv": [ 5, 10.5, 11, 11 ], "texture": "#texture" },
				"west": { "uv": [ 9.5, 10.5, 10, 11 ], "texture": "#1" },
				"east": { "uv": [ 6, 10.5, 6.5, 11 ], "texture": "#texture" }
			}
		},
		{
			"__comment": "HAT",
			"from": [ 5, 3.5, 10 ],
			"to": [ 10.5, 4, 11 ],
			"faces": {
				"down": { "uv": [ 11, 11, 5.5, 10 ], "texture": "#texture" },
				"up": { "uv": [ 5, 10, 10.5, 11 ], "texture": "#texture" },
				"south": { "uv": [ 5, 12, 10.5, 12.5 ], "texture": "#texture" },
				"west": { "uv": [ 10, 12, 11, 12.5 ], "texture": "#texture" },
				"east": { "uv": [ 5, 12, 6, 12.5 ], "texture": "#texture" }
			}
		},
		{
			"__comment": "HAT",
			"from": [ 5, 4, 10 ],
			"to": [ 11, 4.5, 10.5 ],
			"faces": {
				"down": { "uv": [ 11, 10.5, 5, 10 ], "texture": "#texture" },
				"south": { "uv": [ 5, 11.5, 11, 12 ], "texture": "#texture" },
				"west": { "uv": [ 10, 11.5, 10.5, 12 ], "texture": "#texture" },
				"east": { "uv": [ 5.5, 11.5, 6, 12 ], "texture": "#texture" }
			}
		},
		{
			"__comment": "HAT",
			"from": [ 5, 2.5, 10.5 ],
			"to": [ 11, 3.5, 11 ],
			"faces": {
				"up": { "uv": [ 5, 10.5, 11, 11 ], "texture": "#texture" },
				"south": { "uv": [ 5, 12.5, 11, 13.5 ], "texture": "#texture" },
				"west": { "uv": [ 10.5, 12.5, 11, 13.5 ], "texture": "#1" },
				"east": { "uv": [ 5, 12.5, 5.5, 13.5 ], "texture": "#texture" }
			}
		},
		{
			"__comment": "HAT",
			"from": [ 5, 2, 11 ],
			"to": [ 10.5, 2.5, 11.5 ],
			"faces": {
				"up": { "uv": [ 5, 11, 10.5, 11.5 ], "texture": "#texture" },
				"south": { "uv": [ 5, 13.5, 10.5, 14 ], "texture": "#texture" },
				"west": { "uv": [ 11, 13.5, 11.5, 14 ], "texture": "#texture" },
				"east": { "uv": [ 4.5, 13.5, 5, 14 ], "texture": "#texture" }
			}
		},
		{
			"__comment": "HAT",
			"from": [ 5, 1, 12 ],
			"to": [ 11, 1.5, 12.5 ],
			"faces": {
				"up": { "uv": [ 5, 12, 11, 12.5 ], "texture": "#texture" },
				"south": { "uv": [ 5, 14.5, 11, 15 ], "texture": "#texture" },
				"west": { "uv": [ 12, 14.5, 12.5, 15 ], "texture": "#texture" },
				"east": { "uv": [ 3.5, 14.5, 4, 15 ], "texture": "#texture" }
			}
		},
		{
			"__comment": "HAT",
			"from": [ 5.5, 0, 0 ],
			"to": [ 10.5, 0.5, 0.5 ],
			"faces": {
				"down": { "uv": [ 10.5, 0.5, 5.5, 0 ], "texture": "#texture" },
				"up": { "uv": [ 5.5, 0, 10.5, 0.5 ], "texture": "#texture" },
				"north": { "uv": [ 5.5, 15.5, 10.5, 16 ], "texture": "#texture" },
				"west": { "uv": [ 0, 15.5, 0.5, 16 ], "texture": "#texture" },
				"east": { "uv": [ 15.5, 15.5, 16, 16 ], "texture": "#texture" }
			}
		},
		{
			"__comment": "HAT",
			"from": [ 5.5, 1.5, 4 ],
			"to": [ 10.5, 2, 4.5 ],
			"faces": {
				"up": { "uv": [ 5.5, 4, 10.5, 4.5 ], "texture": "#texture" },
				"north": { "uv": [ 5.5, 14, 10.5, 14.5 ], "texture": "#texture" },
				"west": { "uv": [ 4, 14, 4.5, 14.5 ], "texture": "#texture" },
				"east": { "uv": [ 11.5, 14, 12, 14.5 ], "texture": "#texture" }
			}
		},
		{
			"__comment": "HAT",
			"from": [ 5.5, 2.5, 4.5 ],
			"to": [ 10.5, 3, 5 ],
			"faces": {
				"up": { "uv": [ 5.5, 4.5, 10.5, 5 ], "texture": "#texture" },
				"north": { "uv": [ 5.5, 13, 10.5, 13.5 ], "texture": "#texture" },
				"west": { "uv": [ 4.5, 13, 5, 13.5 ], "texture": "#texture" },
				"east": { "uv": [ 11, 13, 11.5, 13.5 ], "texture": "#texture" }
			}
		},
		{
			"__comment": "HAT",
			"from": [ 5.5, 3, 5 ],
			"to": [ 10.5, 3.5, 5.5 ],
			"faces": {
				"up": { "uv": [ 5.5, 5, 10.5, 5.5 ], "texture": "#texture" },
				"north": { "uv": [ 5.5, 12.5, 10.5, 13 ], "texture": "#texture" },
				"west": { "uv": [ 5, 12.5, 5.5, 13 ], "texture": "#texture" },
				"east": { "uv": [ 10.5, 12.5, 11, 13 ], "texture": "#texture" }
			}
		},
		{
			"__comment": "HAT",
			"from": [ 5.5, 3.5, 5.5 ],
			"to": [ 10.5, 6, 6 ],
			"faces": {
				"up": { "uv": [ 6, 5.5, 10, 6 ], "texture": "#texture" },
				"north": { "uv": [ 5.5, 10, 10.5, 12.5 ], "texture": "#texture" },
				"south": { "uv": [ 5.5, 10, 10.5, 12.5 ], "texture": "#texture" },
				"west": { "uv": [ 5.5, 10, 6, 12.5 ], "texture": "#texture" },
				"east": { "uv": [ 10, 10, 10.5, 12.5 ], "texture": "#texture" }
			}
		},
		{
			"__comment": "HAT",
			"from": [ 5.5, 6, 6 ],
			"to": [ 10, 8, 6.5 ],
			"faces": {
				"up": { "uv": [ 5.5, 6, 10, 6.5 ], "texture": "#texture" },
				"north": { "uv": [ 6, 8, 10.5, 10 ], "texture": "#texture" },
				"south": { "uv": [ 5.5, 8, 10, 10 ], "texture": "#texture" },
				"west": { "uv": [ 6, 8, 6.5, 10 ], "texture": "#1" },
				"east": { "uv": [ 9.5, 8, 10, 10 ], "texture": "#texture" }
			}
		},
		{
			"__comment": "HAT",
			"from": [ 5.5, 7, 6.5 ],
			"to": [ 10.5, 9, 7 ],
			"faces": {
				"up": { "uv": [ 5.5, 6.5, 10.5, 7 ], "texture": "#texture" },
				"north": { "uv": [ 5.5, 7, 10.5, 9 ], "texture": "#texture" },
				"south": { "uv": [ 5.5, 7, 10.5, 9 ], "texture": "#texture" },
				"west": { "uv": [ 6.5, 7, 7, 9 ], "texture": "#texture" },
				"east": { "uv": [ 9, 7, 9.5, 9 ], "texture": "#texture" }
			}
		},
		{
			"__comment": "HAT",
			"from": [ 5.5, 7.5, 7 ],
			"to": [ 10.5, 9.5, 7.5 ],
			"faces": {
				"up": { "uv": [ 5.5, 7, 10.5, 7.5 ], "texture": "#texture" },
				"north": { "uv": [ 5.5, 6.5, 10.5, 8.5 ], "texture": "#texture" },
				"south": { "uv": [ 5.5, 6.5, 10.5, 8.5 ], "texture": "#texture" },
				"west": { "uv": [ 7, 6.5, 7.5, 8.5 ], "texture": "#texture" },
				"east": { "uv": [ 8.5, 6.5, 9, 8.5 ], "texture": "#texture" }
			}
		},
		{
			"__comment": "HAT",
			"from": [ 5.5, 14, 7 ],
			"to": [ 8, 14.5, 7.5 ],
			"faces": {
				"down": { "uv": [ 10.5, 7.5, 8, 7 ], "texture": "#texture" },
				"up": { "uv": [ 5.5, 7, 8, 7.5 ], "texture": "#texture" },
				"north": { "uv": [ 8, 1.5, 10.5, 2 ], "texture": "#texture" },
				"west": { "uv": [ 7, 1.5, 7.5, 2 ], "texture": "#texture" },
				"east": { "uv": [ 8.5, 1.5, 9, 2 ], "texture": "#texture" }
			}
		},
		{
			"__comment": "HAT",
			"from": [ 5.5, 8, 7.5 ],
			"to": [ 10.5, 9, 9.5 ],
			"faces": {
				"down": { "uv": [ 10.5, 9.5, 5.5, 7.5 ], "texture": "#texture" },
				"up": { "uv": [ 5.5, 7.5, 10.5, 9.5 ], "texture": "#texture" },
				"south": { "uv": [ 5.5, 7, 10.5, 8 ], "texture": "#texture" },
				"west": { "uv": [ 7.5, 7, 9.5, 8 ], "texture": "#texture" },
				"east": { "uv": [ 6.5, 7, 8.5, 8 ], "texture": "#texture" }
			}
		},
		{
			"__comment": "HAT",
			"from": [ 5.5, 9, 7.5 ],
			"to": [ 10.5, 9.5, 9 ],
			"faces": {
				"up": { "uv": [ 5.5, 7.5, 10.5, 9 ], "texture": "#texture" },
				"south": { "uv": [ 5.5, 6.5, 10.5, 7 ], "texture": "#texture" },
				"west": { "uv": [ 7.5, 6.5, 9, 7 ], "texture": "#texture" },
				"east": { "uv": [ 7, 6.5, 8.5, 7 ], "texture": "#texture" }
			}
		},
		{
			"__comment": "HAT",
			"from": [ 5.5, 9.5, 7.5 ],
			"to": [ 9.5, 12, 8.5 ],
			"faces": {
				"up": { "uv": [ 5.5, 7.5, 9.5, 8.5 ], "texture": "#texture" },
				"north": { "uv": [ 6.5, 4, 10.5, 6.5 ], "texture": "#texture" },
				"south": { "uv": [ 5.5, 4, 9.5, 6.5 ], "texture": "#texture" },
				"west": { "uv": [ 7.5, 4, 8.5, 6.5 ], "texture": "#texture" },
				"east": { "uv": [ 7.5, 4, 8.5, 6.5 ], "texture": "#texture" }
			}
		},
		{
			"__comment": "HAT",
			"from": [ 5.5, 12, 7.5 ],
			"to": [ 9, 13, 8 ],
			"faces": {
				"up": { "uv": [ 5.5, 7.5, 9, 8 ], "texture": "#texture" },
				"north": { "uv": [ 7, 3, 10.5, 4 ], "texture": "#texture" },
				"south": { "uv": [ 5.5, 3, 9, 4 ], "texture": "#texture" },
				"west": { "uv": [ 7.5, 3, 8, 4 ], "texture": "#texture" },
				"east": { "uv": [ 8, 3, 8.5, 4 ], "texture": "#texture" }
			}
		},
		{
			"__comment": "HAT",
			"from": [ 5.5, 13.5, 7.5 ],
			"to": [ 8, 14, 9 ],
			"faces": {
				"down": { "uv": [ 10.5, 9, 8, 7.5 ], "texture": "#texture" },
				"north": { "uv": [ 8, 2, 10.5, 2.5 ], "texture": "#texture" },
				"south": { "uv": [ 5.5, 2, 8, 2.5 ], "texture": "#texture" },
				"west": { "uv": [ 7.5, 2, 9, 2.5 ], "texture": "#texture" },
				"east": { "uv": [ 7, 2, 8.5, 2.5 ], "texture": "#texture" }
			}
		},
		{
			"__comment": "HAT",
			"from": [ 5.5, 7, 9 ],
			"to": [ 10, 8, 10 ],
			"faces": {
				"down": { "uv": [ 10.5, 10, 6, 9 ], "texture": "#texture" },
				"up": { "uv": [ 5.5, 9, 10, 10 ], "texture": "#texture" },
				"south": { "uv": [ 5.5, 8, 10, 9 ], "texture": "#texture" },
				"west": { "uv": [ 9, 8, 10, 9 ], "texture": "#1" },
				"east": { "uv": [ 6, 8, 7, 9 ], "texture": "#texture" }
			}
		},
		{
			"__comment": "HAT",
			"from": [ 5.5, 6.5, 9.5 ],
			"to": [ 10.5, 7, 10 ],
			"faces": {
				"up": { "uv": [ 5.5, 9.5, 10.5, 10 ], "texture": "#texture" },
				"south": { "uv": [ 5.5, 9, 10.5, 9.5 ], "texture": "#texture" },
				"west": { "uv": [ 9.5, 9, 10, 9.5 ], "texture": "#1" },
				"east": { "uv": [ 6, 9, 6.5, 9.5 ], "texture": "#texture" }
			}
		},
		{
			"__comment": "HAT",
			"from": [ 5.5, 5, 10 ],
			"to": [ 10.5, 6.5, 10.5 ],
			"faces": {
				"up": { "uv": [ 5.5, 10, 10.5, 10.5 ], "texture": "#texture" },
				"north": { "uv": [ 5.5, 9.5, 10.5, 11 ], "texture": "#texture" },
				"south": { "uv": [ 5.5, 9.5, 10.5, 11 ], "texture": "#texture" },
				"west": { "uv": [ 10, 9.5, 10.5, 11 ], "texture": "#1" },
				"east": { "uv": [ 5.5, 9.5, 6, 11 ], "texture": "#texture" }
			}
		},
		{
			"__comment": "HAT",
			"from": [ 5.5, 4, 10.5 ],
			"to": [ 10.5, 5, 11 ],
			"faces": {
				"up": { "uv": [ 5.5, 10.5, 10.5, 11 ], "texture": "#texture" },
				"north": { "uv": [ 5.5, 11, 10.5, 12 ], "texture": "#texture" },
				"south": { "uv": [ 5.5, 11, 10.5, 12 ], "texture": "#texture" },
				"west": { "uv": [ 10.5, 11, 11, 12 ], "texture": "#texture" },
				"east": { "uv": [ 5, 11, 5.5, 12 ], "texture": "#texture" }
			}
		},
		{
			"__comment": "HAT",
			"from": [ 5.5, 2.5, 11 ],
			"to": [ 10.5, 3.5, 11.5 ],
			"faces": {
				"up": { "uv": [ 5.5, 11, 10.5, 11.5 ], "texture": "#texture" },
				"south": { "uv": [ 5.5, 12.5, 10.5, 13.5 ], "texture": "#texture" },
				"west": { "uv": [ 11, 12.5, 11.5, 13.5 ], "texture": "#texture" },
				"east": { "uv": [ 4.5, 12.5, 5, 13.5 ], "texture": "#texture" }
			}
		},
		{
			"__comment": "HAT",
			"from": [ 5.5, 1.5, 11.5 ],
			"to": [ 10.5, 2, 12 ],
			"faces": {
				"up": { "uv": [ 5.5, 11.5, 10.5, 12 ], "texture": "#texture" },
				"south": { "uv": [ 5.5, 14, 10.5, 14.5 ], "texture": "#texture" },
				"west": { "uv": [ 11.5, 14, 12, 14.5 ], "texture": "#texture" },
				"east": { "uv": [ 4, 14, 4.5, 14.5 ], "texture": "#texture" }
			}
		},
		{
			"__comment": "HAT",
			"from": [ 5.5, 1, 12.5 ],
			"to": [ 10.5, 1.5, 13 ],
			"faces": {
				"up": { "uv": [ 5.5, 12.5, 10.5, 13 ], "texture": "#texture" },
				"south": { "uv": [ 5.5, 14.5, 10.5, 15 ], "texture": "#texture" },
				"west": { "uv": [ 12.5, 14.5, 13, 15 ], "texture": "#texture" },
				"east": { "uv": [ 3, 14.5, 3.5, 15 ], "texture": "#texture" }
			}
		},
		{
			"__comment": "HAT",
			"from": [ 5.5, 0, 15.5 ],
			"to": [ 10.5, 1, 16 ],
			"faces": {
				"down": { "uv": [ 10.5, 16, 5.5, 15.5 ], "texture": "#texture" },
				"up": { "uv": [ 5.5, 15.5, 10.5, 16 ], "texture": "#texture" },
				"north": { "uv": [ 5.5, 15, 10.5, 16 ], "texture": "#texture" },
				"south": { "uv": [ 5.5, 15, 10.5, 16 ], "texture": "#texture" },
				"west": { "uv": [ 15.5, 15, 16, 16 ], "texture": "#texture" },
				"east": { "uv": [ 0, 15, 0.5, 16 ], "texture": "#texture" }
			}
		},
		{
			"__comment": "HAT",
			"from": [ 6, 0.5, 0 ],
			"to": [ 10, 1, 0.5 ],
			"faces": {
				"up": { "uv": [ 6, 0, 10, 0.5 ], "texture": "#texture" },
				"north": { "uv": [ 6, 15, 10, 15.5 ], "texture": "#texture" },
				"west": { "uv": [ 0, 15, 0.5, 15.5 ], "texture": "#texture" },
				"east": { "uv": [ 15.5, 15, 16, 15.5 ], "texture": "#texture" }
			}
		},
		{
			"__comment": "HAT",
			"from": [ 6, 1, 3 ],
			"to": [ 10.5, 1.5, 3.5 ],
			"faces": {
				"up": { "uv": [ 6, 3, 10.5, 3.5 ], "texture": "#texture" },
				"north": { "uv": [ 5.5, 14.5, 10, 15 ], "texture": "#texture" },
				"west": { "uv": [ 3, 14.5, 3.5, 15 ], "texture": "#texture" },
				"east": { "uv": [ 12.5, 14.5, 13, 15 ], "texture": "#texture" }
			}
		},
		{
			"__comment": "HAT",
			"from": [ 6, 3.5, 5 ],
			"to": [ 10, 5.5, 5.5 ],
			"faces": {
				"up": { "uv": [ 6, 5, 10, 5.5 ], "texture": "#texture" },
				"north": { "uv": [ 6, 10.5, 10, 12.5 ], "texture": "#texture" },
				"west": { "uv": [ 5, 10.5, 5.5, 12.5 ], "texture": "#texture" },
				"east": { "uv": [ 10.5, 10.5, 11, 12.5 ], "texture": "#texture" }
			}
		},
		{
			"__comment": "HAT",
			"from": [ 6, 6, 5.5 ],
			"to": [ 10, 6.5, 6 ],
			"faces": {
				"up": { "uv": [ 6, 5.5, 10, 6 ], "texture": "#texture" },
				"north": { "uv": [ 6, 9.5, 10, 10 ], "texture": "#texture" },
				"west": { "uv": [ 5.5, 9.5, 6, 10 ], "texture": "#1" },
				"east": { "uv": [ 10, 9.5, 10.5, 10 ], "texture": "#texture" }
			}
		},
		{
			"__comment": "HAT",
			"from": [ 6, 8, 6 ],
			"to": [ 10, 9, 6.5 ],
			"faces": {
				"up": { "uv": [ 6, 6, 10, 6.5 ], "texture": "#texture" },
				"north": { "uv": [ 6, 7, 10, 8 ], "texture": "#texture" },
				"west": { "uv": [ 6, 7, 6.5, 8 ], "texture": "#texture" },
				"east": { "uv": [ 9.5, 7, 10, 8 ], "texture": "#texture" }
			}
		},
		{
			"__comment": "HAT",
			"from": [ 6, 9, 6.5 ],
			"to": [ 8, 13.5, 7 ],
			"faces": {
				"up": { "uv": [ 6, 6.5, 8, 7 ], "texture": "#texture" },
				"north": { "uv": [ 8, 2.5, 10, 7 ], "texture": "#texture" },
				"south": { "uv": [ 6, 2.5, 8, 7 ], "texture": "#texture" },
				"west": { "uv": [ 6.5, 2.5, 7, 7 ], "texture": "#texture" },
				"east": { "uv": [ 9, 2.5, 9.5, 7 ], "texture": "#texture" }
			}
		},
		{
			"__comment": "HAT",
			"from": [ 6, 9.5, 7 ],
			"to": [ 8, 14, 7.5 ],
			"faces": {
				"north": { "uv": [ 8, 2, 10, 6.5 ], "texture": "#texture" },
				"south": { "uv": [ 6, 2, 8, 6.5 ], "texture": "#texture" },
				"west": { "uv": [ 7, 2, 7.5, 6.5 ], "texture": "#texture" },
				"east": { "uv": [ 8.5, 2, 9, 6.5 ], "texture": "#texture" }
			}
		},
		{
			"__comment": "HAT",
			"from": [ 6, 13, 7.5 ],
			"to": [ 8.5, 13.5, 9 ],
			"faces": {
				"down": { "uv": [ 10, 9, 7.5, 7.5 ], "texture": "#texture" },
				"up": { "uv": [ 6, 7.5, 8.5, 9 ], "texture": "#texture" },
				"north": { "uv": [ 7.5, 2.5, 10, 3 ], "texture": "#texture" },
				"south": { "uv": [ 6, 2.5, 8.5, 3 ], "texture": "#texture" },
				"west": { "uv": [ 7.5, 2.5, 9, 3 ], "texture": "#texture" },
				"east": { "uv": [ 7, 2.5, 8.5, 3 ], "texture": "#texture" }
			}
		},
		{
			"__comment": "HAT",
			"from": [ 6, 12, 8 ],
			"to": [ 8.5, 12.5, 9.5 ],
			"faces": {
				"down": { "uv": [ 10, 9.5, 7.5, 8 ], "texture": "#texture" },
				"up": { "uv": [ 6, 8, 8.5, 9.5 ], "texture": "#texture" },
				"south": { "uv": [ 6, 3.5, 8.5, 4 ], "texture": "#texture" },
				"west": { "uv": [ 8, 3.5, 9.5, 4 ], "texture": "#texture" },
				"east": { "uv": [ 6.5, 3.5, 8, 4 ], "texture": "#texture" }
			}
		},
		{
			"__comment": "HAT",
			"from": [ 6, 12.5, 8 ],
			"to": [ 9, 13, 9 ],
			"faces": {
				"down": { "uv": [ 10, 9, 7, 8 ], "texture": "#texture" },
				"up": { "uv": [ 6, 8, 9, 9 ], "texture": "#texture" },
				"south": { "uv": [ 6, 3, 9, 3.5 ], "texture": "#texture" },
				"west": { "uv": [ 8, 3, 9, 3.5 ], "texture": "#texture" },
				"east": { "uv": [ 7, 3, 8, 3.5 ], "texture": "#texture" }
			}
		},
		{
			"__comment": "HAT",
			"from": [ 6, 9.5, 8.5 ],
			"to": [ 9, 12, 9.5 ],
			"faces": {
				"down": { "uv": [ 10, 9.5, 7, 8.5 ], "texture": "#texture" },
				"up": { "uv": [ 6, 8.5, 9, 9.5 ], "texture": "#texture" },
				"south": { "uv": [ 6, 4, 9, 6.5 ], "texture": "#texture" },
				"west": { "uv": [ 8.5, 4, 9.5, 6.5 ], "texture": "#texture" },
				"east": { "uv": [ 6.5, 4, 7.5, 6.5 ], "texture": "#texture" }
			}
		},
		{
			"__comment": "HAT",
			"from": [ 6, 9, 9 ],
			"to": [ 9.5, 9.5, 10 ],
			"faces": {
				"down": { "uv": [ 10, 10, 6.5, 9 ], "texture": "#texture" },
				"up": { "uv": [ 6, 9, 9.5, 10 ], "texture": "#texture" },
				"south": { "uv": [ 6, 6.5, 9.5, 7 ], "texture": "#texture" },
				"west": { "uv": [ 9, 6.5, 10, 7 ], "texture": "#texture" },
				"east": { "uv": [ 6, 6.5, 7, 7 ], "texture": "#texture" }
			}
		},
		{
			"__comment": "HAT",
			"from": [ 6, 8, 9.5 ],
			"to": [ 10, 9, 10 ],
			"faces": {
				"up": { "uv": [ 6, 9.5, 10, 10 ], "texture": "#texture" },
				"south": { "uv": [ 6, 7, 10, 8 ], "texture": "#texture" },
				"west": { "uv": [ 9.5, 7, 10, 8 ], "texture": "#texture" },
				"east": { "uv": [ 6, 7, 6.5, 8 ], "texture": "#texture" }
			}
		},
		{
			"__comment": "HAT",
			"from": [ 6, 6.5, 10 ],
			"to": [ 10, 8, 10.5 ],
			"faces": {
				"up": { "uv": [ 6, 10, 10, 10.5 ], "texture": "#texture" },
				"north": { "uv": [ 6, 8, 10, 9.5 ], "texture": "#texture" },
				"south": { "uv": [ 6, 8, 10, 9.5 ], "texture": "#texture" },
				"west": { "uv": [ 10, 8, 10.5, 9.5 ], "texture": "#1" },
				"east": { "uv": [ 5.5, 8, 6, 9.5 ], "texture": "#texture" }
			}
		},
		{
			"__comment": "HAT",
			"from": [ 6, 5, 10.5 ],
			"to": [ 10, 6.5, 11 ],
			"faces": {
				"up": { "uv": [ 6, 10.5, 10, 11 ], "texture": "#texture" },
				"south": { "uv": [ 6, 9.5, 10, 11 ], "texture": "#texture" },
				"west": { "uv": [ 10.5, 9.5, 11, 11 ], "texture": "#texture" },
				"east": { "uv": [ 5, 9.5, 5.5, 11 ], "texture": "#texture" }
			}
		},
		{
			"__comment": "HAT",
			"from": [ 6, 3.5, 11 ],
			"to": [ 10, 4.5, 11.5 ],
			"faces": {
				"up": { "uv": [ 6, 11, 10, 11.5 ], "texture": "#texture" },
				"north": { "uv": [ 6, 11.5, 10, 12.5 ], "texture": "#texture" },
				"south": { "uv": [ 6, 11.5, 10, 12.5 ], "texture": "#texture" },
				"west": { "uv": [ 11, 11.5, 11.5, 12.5 ], "texture": "#texture" },
				"east": { "uv": [ 4.5, 11.5, 5, 12.5 ], "texture": "#texture" }
			}
		},
		{
			"__comment": "HAT",
			"from": [ 6, 2, 11.5 ],
			"to": [ 10, 3, 12 ],
			"faces": {
				"up": { "uv": [ 6, 11.5, 10, 12 ], "texture": "#texture" },
				"north": { "uv": [ 6, 13, 10, 14 ], "texture": "#texture" },
				"south": { "uv": [ 6, 13, 10, 14 ], "texture": "#texture" },
				"west": { "uv": [ 11.5, 13, 12, 14 ], "texture": "#texture" },
				"east": { "uv": [ 4, 13, 4.5, 14 ], "texture": "#texture" }
			}
		},
		{
			"__comment": "HAT",
			"from": [ 6.5, 1.5, 3.5 ],
			"to": [ 9.5, 2, 4 ],
			"faces": {
				"up": { "uv": [ 6.5, 3.5, 9.5, 4 ], "texture": "#texture" },
				"north": { "uv": [ 6.5, 14, 9.5, 14.5 ], "texture": "#texture" },
				"west": { "uv": [ 3.5, 14, 4, 14.5 ], "texture": "#texture" },
				"east": { "uv": [ 12, 14, 12.5, 14.5 ], "texture": "#texture" }
			}
		},
		{
			"__comment": "HAT",
			"from": [ 6.5, 2, 4 ],
			"to": [ 9.5, 3, 4.5 ],
			"faces": {
				"up": { "uv": [ 6.5, 4, 9.5, 4.5 ], "texture": "#texture" },
				"north": { "uv": [ 6.5, 13, 9.5, 14 ], "texture": "#texture" },
				"south": { "uv": [ 6.5, 13, 9.5, 14 ], "texture": "#texture" },
				"west": { "uv": [ 4, 13, 4.5, 14 ], "texture": "#texture" },
				"east": { "uv": [ 11.5, 13, 12, 14 ], "texture": "#texture" }
			}
		},
		{
			"__comment": "HAT",
			"from": [ 6.5, 3, 4.5 ],
			"to": [ 9.5, 5, 5 ],
			"faces": {
				"up": { "uv": [ 6.5, 4.5, 9.5, 5 ], "texture": "#texture" },
				"north": { "uv": [ 6.5, 11, 9.5, 13 ], "texture": "#texture" },
				"south": { "uv": [ 6.5, 11, 9.5, 13 ], "texture": "#texture" },
				"west": { "uv": [ 4.5, 11, 5, 13 ], "texture": "#texture" },
				"east": { "uv": [ 11, 11, 11.5, 13 ], "texture": "#texture" }
			}
		},
		{
			"__comment": "HAT",
			"from": [ 6.5, 5.5, 5 ],
			"to": [ 9.5, 6, 5.5 ],
			"faces": {
				"up": { "uv": [ 6.5, 5, 9.5, 5.5 ], "texture": "#texture" },
				"north": { "uv": [ 6.5, 10, 9.5, 10.5 ], "texture": "#texture" },
				"west": { "uv": [ 5, 10, 5.5, 10.5 ], "texture": "#texture" },
				"east": { "uv": [ 10.5, 10, 11, 10.5 ], "texture": "#texture" }
			}
		},
		{
			"__comment": "HAT",
			"from": [ 6.5, 7.5, 5.5 ],
			"to": [ 9.5, 9, 6 ],
			"faces": {
				"down": { "uv": [ 9.5, 6, 6.5, 5.5 ], "texture": "#texture" },
				"up": { "uv": [ 6.5, 5.5, 9.5, 6 ], "texture": "#texture" },
				"north": { "uv": [ 6.5, 7, 9.5, 8.5 ], "texture": "#texture" },
				"south": { "uv": [ 6.5, 7, 9.5, 8.5 ], "texture": "#texture" },
				"west": { "uv": [ 5.5, 7, 6, 8.5 ], "texture": "#1" },
				"east": { "uv": [ 10, 7, 10.5, 8.5 ], "texture": "#texture" }
			}
		},
		{
			"__comment": "HAT",
			"from": [ 6.5, 9, 6 ],
			"to": [ 8.5, 11.5, 6.5 ],
			"faces": {
				"up": { "uv": [ 6.5, 6, 8.5, 6.5 ], "texture": "#texture" },
				"north": { "uv": [ 7.5, 4.5, 9.5, 7 ], "texture": "#texture" },
				"south": { "uv": [ 6.5, 4.5, 8.5, 7 ], "texture": "#texture" },
				"west": { "uv": [ 6, 4.5, 6.5, 7 ], "texture": "#texture" },
				"east": { "uv": [ 9.5, 4.5, 10, 7 ], "texture": "#texture" }
			}
		},
		{
			"__comment": "HAT",
			"from": [ 6.5, 13.5, 6.5 ],
			"to": [ 7.5, 14.5, 7 ],
			"faces": {
				"up": { "uv": [ 6.5, 6.5, 7.5, 7 ], "texture": "#texture" },
				"north": { "uv": [ 8.5, 1.5, 9.5, 2.5 ], "texture": "#texture" },
				"south": { "uv": [ 6.5, 1.5, 7.5, 2.5 ], "texture": "#texture" },
				"west": { "uv": [ 6.5, 1.5, 7, 2.5 ], "texture": "#texture" },
				"east": { "uv": [ 9, 1.5, 9.5, 2.5 ], "texture": "#texture" }
			}
		},
		{
			"__comment": "HAT",
			"from": [ 6.5, 14.5, 7 ],
			"to": [ 7.5, 15, 7.5 ],
			"faces": {
				"up": { "uv": [ 6.5, 7, 7.5, 7.5 ], "texture": "#texture" },
				"north": { "uv": [ 8.5, 1, 9.5, 1.5 ], "texture": "#texture" },
				"east": { "uv": [ 8.5, 1, 9, 1.5 ], "texture": "#texture" }
			}
		},
		{
			"__comment": "HAT",
			"from": [ 6.5, 14.5, 8.5 ],
			"to": [ 7.5, 15, 9 ],
			"faces": {
				"up": { "uv": [ 6.5, 8.5, 7.5, 9 ], "texture": "#texture" },
				"south": { "uv": [ 6.5, 1, 7.5, 1.5 ], "texture": "#texture" },
				"east": { "uv": [ 7, 1, 7.5, 1.5 ], "texture": "#texture" }
			}
		},
		{
			"__comment": "HAT",
			"from": [ 6.5, 12.5, 9 ],
			"to": [ 7, 14.5, 9.5 ],
			"faces": {
				"up": { "uv": [ 6.5, 9, 7, 9.5 ], "texture": "#texture" },
				"north": { "uv": [ 9, 1.5, 9.5, 3.5 ], "texture": "#texture" },
				"south": { "uv": [ 6.5, 1.5, 7, 3.5 ], "texture": "#texture" },
				"west": { "uv": [ 9, 1.5, 9.5, 3.5 ], "texture": "#texture" },
				"east": { "uv": [ 6.5, 1.5, 7, 3.5 ], "texture": "#texture" }
			}
		},
		{
			"__comment": "HAT",
			"from": [ 6.5, 9.5, 9.5 ],
			"to": [ 8, 12, 10 ],
			"faces": {
				"up": { "uv": [ 6.5, 9.5, 8, 10 ], "texture": "#texture" },
				"south": { "uv": [ 6.5, 4, 8, 6.5 ], "texture": "#texture" },
				"west": { "uv": [ 9.5, 4, 10, 6.5 ], "texture": "#texture" },
				"east": { "uv": [ 6, 4, 6.5, 6.5 ], "texture": "#texture" }
			}
		},
		{
			"__comment": "HAT",
			"from": [ 6.5, 8, 10 ],
			"to": [ 9.5, 9, 10.5 ],
			"faces": {
				"up": { "uv": [ 6.5, 10, 9.5, 10.5 ], "texture": "#texture" },
				"south": { "uv": [ 6.5, 7, 9.5, 8 ], "texture": "#texture" },
				"west": { "uv": [ 10, 7, 10.5, 8 ], "texture": "#texture" },
				"east": { "uv": [ 5.5, 7, 6, 8 ], "texture": "#texture" }
			}
		},
		{
			"__comment": "HAT",
			"from": [ 6.5, 6.5, 10.5 ],
			"to": [ 9, 7.5, 11 ],
			"faces": {
				"up": { "uv": [ 6.5, 10.5, 9, 11 ], "texture": "#texture" },
				"south": { "uv": [ 6.5, 8.5, 9, 9.5 ], "texture": "#texture" },
				"west": { "uv": [ 10.5, 8.5, 11, 9.5 ], "texture": "#1" },
				"east": { "uv": [ 5, 8.5, 5.5, 9.5 ], "texture": "#texture" }
			}
		},
		{
			"__comment": "HAT",
			"from": [ 6.5, 4.5, 11 ],
			"to": [ 9, 5.5, 11.5 ],
			"faces": {
				"up": { "uv": [ 6.5, 11, 9, 11.5 ], "texture": "#texture" },
				"north": { "uv": [ 7, 10.5, 9.5, 11.5 ], "texture": "#texture" },
				"south": { "uv": [ 6.5, 10.5, 9, 11.5 ], "texture": "#texture" },
				"west": { "uv": [ 11, 10.5, 11.5, 11.5 ], "texture": "#texture" },
				"east": { "uv": [ 4.5, 10.5, 5, 11.5 ], "texture": "#texture" }
			}
		},
		{
			"__comment": "HAT",
			"from": [ 6.5, 3, 11.5 ],
			"to": [ 9.5, 3.5, 12 ],
			"faces": {
				"up": { "uv": [ 6.5, 11.5, 9.5, 12 ], "texture": "#texture" },
				"south": { "uv": [ 6.5, 12.5, 9.5, 13 ], "texture": "#texture" },
				"west": { "uv": [ 11.5, 12.5, 12, 13 ], "texture": "#texture" },
				"east": { "uv": [ 4, 12.5, 4.5, 13 ], "texture": "#texture" }
			}
		},
		{
			"__comment": "HAT",
			"from": [ 6.5, 1.5, 12 ],
			"to": [ 10, 2, 12.5 ],
			"faces": {
				"up": { "uv": [ 6.5, 12, 10, 12.5 ], "texture": "#texture" },
				"south": { "uv": [ 6.5, 14, 10, 14.5 ], "texture": "#texture" },
				"west": { "uv": [ 12, 14, 12.5, 14.5 ], "texture": "#texture" },
				"east": { "uv": [ 3.5, 14, 4, 14.5 ], "texture": "#texture" }
			}
		},
		{
			"__comment": "HAT",
			"from": [ 7, 5, 4.5 ],
			"to": [ 7.5, 6, 5 ],
			"faces": {
				"up": { "uv": [ 7, 4.5, 7.5, 5 ], "texture": "#texture" },
				"north": { "uv": [ 8.5, 10, 9, 11 ], "texture": "#texture" },
				"south": { "uv": [ 7, 10, 7.5, 11 ], "texture": "#texture" },
				"west": { "uv": [ 4.5, 10, 5, 11 ], "texture": "#texture" },
				"east": { "uv": [ 11, 10, 11.5, 11 ], "texture": "#texture" }
			}
		},
		{
			"__comment": "HAT",
			"from": [ 7, 6, 5 ],
			"to": [ 9, 7.5, 5.5 ],
			"faces": {
				"up": { "uv": [ 7, 5, 9, 5.5 ], "texture": "#texture" },
				"north": { "uv": [ 7, 8.5, 9, 10 ], "texture": "#texture" },
				"south": { "uv": [ 7, 8.5, 9, 10 ], "texture": "#texture" },
				"west": { "uv": [ 5, 8.5, 5.5, 10 ], "texture": "#texture" },
				"east": { "uv": [ 10.5, 8.5, 11, 10 ], "texture": "#texture" }
			}
		},
		{
			"__comment": "HAT",
			"from": [ 7, 6.5, 5.5 ],
			"to": [ 9, 7.5, 6 ],
			"faces": {
				"west": { "uv": [ 5.5, 8.5, 6, 9.5 ], "texture": "#1" },
				"east": { "uv": [ 10, 8.5, 10.5, 9.5 ], "texture": "#texture" }
			}
		},
		{
			"__comment": "HAT",
			"from": [ 7, 9, 5.5 ],
			"to": [ 9, 9.5, 6 ],
			"faces": {
				"up": { "uv": [ 7, 5.5, 9, 6 ], "texture": "#texture" },
				"north": { "uv": [ 7, 6.5, 9, 7 ], "texture": "#texture" },
				"south": { "uv": [ 7, 6.5, 9, 7 ], "texture": "#texture" },
				"west": { "uv": [ 5.5, 6.5, 6, 7 ], "texture": "#texture" },
				"east": { "uv": [ 10, 6.5, 10.5, 7 ], "texture": "#texture" }
			}
		},
		{
			"__comment": "HAT",
			"from": [ 7, 11.5, 6 ],
			"to": [ 8, 12, 6.5 ],
			"faces": {
				"up": { "uv": [ 7, 6, 8, 6.5 ], "texture": "#texture" },
				"north": { "uv": [ 8, 4, 9, 4.5 ], "texture": "#texture" },
				"west": { "uv": [ 6, 4, 6.5, 4.5 ], "texture": "#texture" },
				"east": { "uv": [ 9.5, 4, 10, 4.5 ], "texture": "#texture" }
			}
		},
		{
			"__comment": "HAT",
			"from": [ 7, 12.5, 9 ],
			"to": [ 7.5, 14, 9.5 ],
			"faces": {
				"up": { "uv": [ 7, 9, 7.5, 9.5 ], "texture": "#texture" },
				"north": { "uv": [ 8.5, 2, 9, 3.5 ], "texture": "#texture" },
				"south": { "uv": [ 7, 2, 7.5, 3.5 ], "texture": "#texture" },
				"east": { "uv": [ 6.5, 2, 7, 3.5 ], "texture": "#texture" }
			}
		},
		{
			"__comment": "HAT",
			"from": [ 7, 9, 10 ],
			"to": [ 9, 9.5, 10.5 ],
			"faces": {
				"up": { "uv": [ 7, 10, 9, 10.5 ], "texture": "#texture" },
				"south": { "uv": [ 7, 6.5, 9, 7 ], "texture": "#texture" },
				"west": { "uv": [ 10, 6.5, 10.5, 7 ], "texture": "#texture" },
				"east": { "uv": [ 5.5, 6.5, 6, 7 ], "texture": "#texture" }
			}
		},
		{
			"__comment": "HAT",
			"from": [ 7, 3.5, 11.5 ],
			"to": [ 8.5, 4, 12 ],
			"faces": {
				"up": { "uv": [ 7, 11.5, 8.5, 12 ], "texture": "#texture" },
				"south": { "uv": [ 7, 12, 8.5, 12.5 ], "texture": "#texture" },
				"west": { "uv": [ 11.5, 12, 12, 12.5 ], "texture": "#texture" },
				"east": { "uv": [ 4, 12, 4.5, 12.5 ], "texture": "#texture" }
			}
		},
		{
			"__comment": "HAT",
			"from": [ 7.5, 5, 4.5 ],
			"to": [ 9, 5.5, 5 ],
			"faces": {
				"up": { "uv": [ 7.5, 4.5, 9, 5 ], "texture": "#texture" },
				"north": { "uv": [ 7, 10.5, 8.5, 11 ], "texture": "#texture" },
				"east": { "uv": [ 11, 10.5, 11.5, 11 ], "texture": "#texture" }
			}
		},
		{
			"__comment": "HAT",
			"from": [ 7.5, 7.5, 5 ],
			"to": [ 8, 8, 5.5 ],
			"faces": {
				"up": { "uv": [ 7.5, 5, 8, 5.5 ], "texture": "#texture" },
				"north": { "uv": [ 8, 8, 8.5, 8.5 ], "texture": "#texture" },
				"west": { "uv": [ 5, 8, 5.5, 8.5 ], "texture": "#texture" },
				"east": { "uv": [ 10.5, 8, 11, 8.5 ], "texture": "#texture" }
			}
		},
		{
			"__comment": "HAT",
			"from": [ 7.5, 9.5, 5.5 ],
			"to": [ 8, 10, 6 ],
			"faces": {
				"up": { "uv": [ 7.5, 5.5, 8, 6 ], "texture": "#texture" },
				"north": { "uv": [ 8, 6, 8.5, 6.5 ], "texture": "#texture" },
				"west": { "uv": [ 5.5, 6, 6, 6.5 ], "texture": "#texture" },
				"east": { "uv": [ 10, 6, 10.5, 6.5 ], "texture": "#texture" }
			}
		},
		{
			"__comment": "HAT",
			"from": [ 7.5, 12.5, 9 ],
			"to": [ 8, 13.5, 9.5 ],
			"faces": {
				"up": { "uv": [ 7.5, 9, 8, 9.5 ], "texture": "#texture" },
				"north": { "uv": [ 8, 2.5, 8.5, 3.5 ], "texture": "#texture" },
				"south": { "uv": [ 7.5, 2.5, 8, 3.5 ], "texture": "#texture" },
				"east": { "uv": [ 6.5, 2.5, 7, 3.5 ], "texture": "#texture" }
			}
		},
		{
			"__comment": "HAT",
			"from": [ 7.5, 9.5, 10 ],
			"to": [ 8.5, 10, 10.5 ],
			"faces": {
				"up": { "uv": [ 7.5, 10, 8.5, 10.5 ], "texture": "#texture" },
				"north": { "uv": [ 7.5, 6, 8.5, 6.5 ], "texture": "#texture" },
				"south": { "uv": [ 7.5, 6, 8.5, 6.5 ], "texture": "#texture" },
				"west": { "uv": [ 10, 6, 10.5, 6.5 ], "texture": "#texture" },
				"east": { "uv": [ 5.5, 6, 6, 6.5 ], "texture": "#texture" }
			}
		},
		{
			"__comment": "HAT",
			"from": [ 7.5, 7.5, 10.5 ],
			"to": [ 8.5, 8, 11 ],
			"faces": {
				"up": { "uv": [ 7.5, 10.5, 8.5, 11 ], "texture": "#texture" },
				"south": { "uv": [ 7.5, 8, 8.5, 8.5 ], "texture": "#texture" },
				"west": { "uv": [ 10.5, 8, 11, 8.5 ], "texture": "#texture" },
				"east": { "uv": [ 5, 8, 5.5, 8.5 ], "texture": "#texture" }
			}
		},
		{
			"__comment": "HAT",
			"from": [ 7.5, 5.5, 11 ],
			"to": [ 8.5, 6, 11.5 ],
			"faces": {
				"up": { "uv": [ 7.5, 11, 8.5, 11.5 ], "texture": "#texture" },
				"south": { "uv": [ 7.5, 10, 8.5, 10.5 ], "texture": "#texture" },
				"west": { "uv": [ 11, 10, 11.5, 10.5 ], "texture": "#texture" },
				"east": { "uv": [ 4.5, 10, 5, 10.5 ], "texture": "#texture" }
			}
		},
		{
			"__comment": "HAT",
			"from": [ 7.5, 2, 12 ],
			"to": [ 8.5, 2.5, 12.5 ],
			"faces": {
				"up": { "uv": [ 7.5, 12, 8.5, 12.5 ], "texture": "#texture" },
				"south": { "uv": [ 7.5, 13.5, 8.5, 14 ], "texture": "#texture" },
				"west": { "uv": [ 12, 13.5, 12.5, 14 ], "texture": "#texture" },
				"east": { "uv": [ 3.5, 13.5, 4, 14 ], "texture": "#texture" }
			}
		},
		{
			"__comment": "HAT",
			"from": [ 8, 9, 6.5 ],
			"to": [ 8.5, 12.5, 7 ],
			"faces": {
				"up": { "uv": [ 8, 6.5, 8.5, 7 ], "texture": "#texture" },
				"north": { "uv": [ 7.5, 3.5, 8, 7 ], "texture": "#texture" },
				"south": { "uv": [ 8, 3.5, 8.5, 7 ], "texture": "#texture" },
				"east": { "uv": [ 9, 3.5, 9.5, 7 ], "texture": "#texture" }
			}
		},
		{
			"__comment": "HAT",
			"from": [ 8, 9.5, 7 ],
			"to": [ 8.5, 13.5, 7.5 ],
			"faces": {
				"up": { "uv": [ 8, 7, 8.5, 7.5 ], "texture": "#texture" },
				"north": { "uv": [ 7.5, 2.5, 8, 6.5 ], "texture": "#texture" },
				"south": { "uv": [ 8, 2.5, 8.5, 6.5 ], "texture": "#texture" },
				"east": { "uv": [ 8.5, 2.5, 9, 6.5 ], "texture": "#texture" }
			}
		},
		{
			"__comment": "HAT",
			"from": [ 8, 13.5, 7.5 ],
			"to": [ 8.5, 14, 8.5 ],
			"faces": {
				"up": { "uv": [ 8, 7.5, 8.5, 8.5 ], "texture": "#texture" },
				"north": { "uv": [ 7.5, 2, 8, 2.5 ], "texture": "#texture" },
				"south": { "uv": [ 8, 2, 8.5, 2.5 ], "texture": "#texture" },
				"east": { "uv": [ 7.5, 2, 8.5, 2.5 ], "texture": "#texture" }
			}
		},
		{
			"__comment": "HAT",
			"from": [ 8, 12.5, 9 ],
			"to": [ 8.5, 13, 9.5 ],
			"faces": {
				"up": { "uv": [ 8, 9, 8.5, 9.5 ], "texture": "#texture" },
				"south": { "uv": [ 8, 3, 8.5, 3.5 ], "texture": "#texture" },
				"east": { "uv": [ 6.5, 3, 7, 3.5 ], "texture": "#texture" }
			}
		},
		{
			"__comment": "HAT",
			"from": [ 8, 9.5, 9.5 ],
			"to": [ 9, 11.5, 10 ],
			"faces": {
				"up": { "uv": [ 8, 9.5, 9, 10 ], "texture": "#texture" },
				"south": { "uv": [ 8, 4.5, 9, 6.5 ], "texture": "#texture" },
				"east": { "uv": [ 6, 4.5, 6.5, 6.5 ], "texture": "#texture" }
			}
		},
		{
			"__comment": "HAT",
			"from": [ 8.5, 9, 6 ],
			"to": [ 9, 11, 7 ],
			"faces": {
				"down": { "uv": [ 7.5, 7, 7, 6 ], "texture": "#texture" },
				"up": { "uv": [ 8.5, 6, 9, 7 ], "texture": "#texture" },
				"north": { "uv": [ 7, 5, 7.5, 7 ], "texture": "#texture" },
				"south": { "uv": [ 8.5, 5, 9, 7 ], "texture": "#texture" },
				"west": { "uv": [ 6, 5, 7, 7 ], "texture": "#texture" },
				"east": { "uv": [ 9, 5, 10, 7 ], "texture": "#texture" }
			}
		},
		{
			"__comment": "HAT",
			"from": [ 8.5, 11, 6.5 ],
			"to": [ 9, 12, 7.5 ],
			"faces": {
				"down": { "uv": [ 7.5, 7.5, 7, 6.5 ], "texture": "#texture" },
				"up": { "uv": [ 8.5, 6.5, 9, 7.5 ], "texture": "#texture" },
				"north": { "uv": [ 7, 4, 7.5, 5 ], "texture": "#texture" },
				"west": { "uv": [ 6.5, 4, 7.5, 5 ], "texture": "#texture" },
				"east": { "uv": [ 8.5, 4, 9.5, 5 ], "texture": "#texture" }
			}
		},
		{
			"__comment": "HAT",
			"from": [ 8.5, 9.5, 7 ],
			"to": [ 9.5, 11, 7.5 ],
			"faces": {
				"up": { "uv": [ 8.5, 7, 9.5, 7.5 ], "texture": "#texture" },
				"north": { "uv": [ 6.5, 5, 7.5, 6.5 ], "texture": "#texture" },
				"east": { "uv": [ 8.5, 5, 9, 6.5 ], "texture": "#texture" }
			}
		},
		{
			"__comment": "HAT",
			"from": [ 8.5, 12, 7 ],
			"to": [ 9, 12.5, 7.5 ],
			"faces": {
				"up": { "uv": [ 8.5, 7, 9, 7.5 ], "texture": "#texture" },
				"north": { "uv": [ 7, 3.5, 7.5, 4 ], "texture": "#texture" },
				"east": { "uv": [ 8.5, 3.5, 9, 4 ], "texture": "#texture" }
			}
		},
		{
			"__comment": "HAT",
			"from": [ 8.5, 12, 8 ],
			"to": [ 9, 12.5, 9 ],
			"faces": {
				"down": { "uv": [ 7.5, 9, 7, 8 ], "texture": "#texture" },
				"south": { "uv": [ 8.5, 3.5, 9, 4 ], "texture": "#texture" },
				"east": { "uv": [ 7, 3.5, 8, 4 ], "texture": "#texture" }
			}
		},
		{
			"__comment": "HAT",
			"from": [ 9, 7, 5.5 ],
			"to": [ 9.5, 7.5, 6 ],
			"faces": {
				"down": { "uv": [ 7, 6, 6.5, 5.5 ], "texture": "#texture" },
				"north": { "uv": [ 6.5, 8.5, 7, 9 ], "texture": "#texture" },
				"east": { "uv": [ 10, 8.5, 10.5, 9 ], "texture": "#texture" }
			}
		},
		{
			"__comment": "HAT",
			"from": [ 9, 9, 6 ],
			"to": [ 9.5, 10, 7 ],
			"faces": {
				"down": { "uv": [ 7, 7, 6.5, 6 ], "texture": "#texture" },
				"up": { "uv": [ 9, 6, 9.5, 7 ], "texture": "#texture" },
				"north": { "uv": [ 6.5, 6, 7, 7 ], "texture": "#texture" },
				"south": { "uv": [ 9, 6, 9.5, 7 ], "texture": "#texture" },
				"east": { "uv": [ 9, 6, 10, 7 ], "texture": "#texture" }
			}
		},
		{
			"__comment": "HAT",
			"from": [ 9, 10, 6.5 ],
			"to": [ 9.5, 11, 7 ],
			"faces": {
				"up": { "uv": [ 9, 6.5, 9.5, 7 ], "texture": "#texture" },
				"north": { "uv": [ 6.5, 5, 7, 6 ], "texture": "#texture" },
				"east": { "uv": [ 9, 5, 9.5, 6 ], "texture": "#texture" }
			}
		},
		{
			"__comment": "HAT",
			"from": [ 9, 11, 7 ],
			"to": [ 9.5, 11.5, 7.5 ],
			"faces": {
				"up": { "uv": [ 9, 7, 9.5, 7.5 ], "texture": "#texture" },
				"north": { "uv": [ 6.5, 4.5, 7, 5 ], "texture": "#texture" },
				"east": { "uv": [ 8.5, 4.5, 9, 5 ], "texture": "#texture" }
			}
		},
		{
			"__comment": "HAT",
			"from": [ 9, 9.5, 8.5 ],
			"to": [ 9.5, 10.5, 10 ],
			"faces": {
				"down": { "uv": [ 7, 10, 6.5, 8.5 ], "texture": "#texture" },
				"up": { "uv": [ 9, 8.5, 9.5, 10 ], "texture": "#texture" },
				"south": { "uv": [ 9, 5.5, 9.5, 6.5 ], "texture": "#texture" },
				"west": { "uv": [ 8.5, 5.5, 10, 6.5 ], "texture": "#texture" },
				"east": { "uv": [ 6, 5.5, 7.5, 6.5 ], "texture": "#texture" }
			}
		},
		{
			"__comment": "HAT",
			"from": [ 9, 10.5, 8.5 ],
			"to": [ 9.5, 11, 9.5 ],
			"faces": {
				"up": { "uv": [ 9, 8.5, 9.5, 9.5 ], "texture": "#texture" },
				"south": { "uv": [ 9, 5, 9.5, 5.5 ], "texture": "#texture" },
				"east": { "uv": [ 6.5, 5, 7.5, 5.5 ], "texture": "#texture" }
			}
		},
		{
			"__comment": "HAT",
			"from": [ 9, 11, 8.5 ],
			"to": [ 9.5, 12, 9 ],
			"faces": {
				"up": { "uv": [ 9, 8.5, 9.5, 9 ], "texture": "#texture" },
				"south": { "uv": [ 9, 4, 9.5, 5 ], "texture": "#texture" },
				"east": { "uv": [ 7, 4, 7.5, 5 ], "texture": "#texture" }
			}
		},
		{
			"__comment": "HAT",
			"from": [ 9, 6.5, 10.5 ],
			"to": [ 9.5, 7, 11 ],
			"faces": {
				"up": { "uv": [ 9, 10.5, 9.5, 11 ], "texture": "#texture" },
				"south": { "uv": [ 9, 9, 9.5, 9.5 ], "texture": "#texture" },
				"east": { "uv": [ 5, 9, 5.5, 9.5 ], "texture": "#texture" }
			}
		},
		{
			"__comment": "HAT",
			"from": [ 9, 4.5, 11 ],
			"to": [ 10, 5, 11.5 ],
			"faces": {
				"up": { "uv": [ 9, 11, 10, 11.5 ], "texture": "#texture" },
				"south": { "uv": [ 9, 11, 10, 11.5 ], "texture": "#texture" },
				"east": { "uv": [ 4.5, 11, 5, 11.5 ], "texture": "#texture" }
			}
		},
		{
			"__comment": "HAT",
			"from": [ 9.5, 2, 4 ],
			"to": [ 10, 2.5, 4.5 ],
			"faces": {
				"up": { "uv": [ 9.5, 4, 10, 4.5 ], "texture": "#texture" },
				"north": { "uv": [ 6, 13.5, 6.5, 14 ], "texture": "#texture" },
				"east": { "uv": [ 11.5, 13.5, 12, 14 ], "texture": "#texture" }
			}
		},
		{
			"__comment": "HAT",
			"from": [ 9.5, 9, 6.5 ],
			"to": [ 10, 10, 7 ],
			"faces": {
				"up": { "uv": [ 9.5, 6.5, 10, 7 ], "texture": "#texture" },
				"north": { "uv": [ 6, 6, 6.5, 7 ], "texture": "#texture" },
				"south": { "uv": [ 9.5, 6, 10, 7 ], "texture": "#texture" },
				"east": { "uv": [ 9, 6, 9.5, 7 ], "texture": "#texture" }
			}
		},
		{
			"__comment": "HAT",
			"from": [ 9.5, 9.5, 7 ],
			"to": [ 10, 10, 9.5 ],
			"faces": {
				"down": { "uv": [ 6.5, 9.5, 6, 7 ], "texture": "#texture" },
				"up": { "uv": [ 9.5, 7, 10, 9.5 ], "texture": "#texture" },
				"south": { "uv": [ 9.5, 6, 10, 6.5 ], "texture": "#texture" },
				"west": { "uv": [ 7, 6, 9.5, 6.5 ], "texture": "#texture" },
				"east": { "uv": [ 6.5, 6, 9, 6.5 ], "texture": "#texture" }
			}
		},
		{
			"__comment": "HAT",
			"from": [ 9.5, 10, 7 ],
			"to": [ 10, 10.5, 9 ],
			"faces": {
				"up": { "uv": [ 9.5, 7, 10, 9 ], "texture": "#texture" },
				"north": { "uv": [ 6, 5.5, 6.5, 6 ], "texture": "#texture" },
				"south": { "uv": [ 9.5, 5.5, 10, 6 ], "texture": "#texture" },
				"west": { "uv": [ 7, 5.5, 9, 6 ], "texture": "#texture" },
				"east": { "uv": [ 7, 5.5, 9, 6 ], "texture": "#texture" }
			}
		},
		{
			"__comment": "HAT",
			"from": [ 9.5, 10.5, 8 ],
			"to": [ 10, 11, 9 ],
			"faces": {
				"up": { "uv": [ 9.5, 8, 10, 9 ], "texture": "#texture" },
				"north": { "uv": [ 6, 5, 6.5, 5.5 ], "texture": "#texture" },
				"south": { "uv": [ 9.5, 5, 10, 5.5 ], "texture": "#texture" },
				"west": { "uv": [ 8, 5, 9, 5.5 ], "texture": "#texture" },
				"east": { "uv": [ 7, 5, 8, 5.5 ], "texture": "#texture" }
			}
		},
		{
			"__comment": "HAT",
			"from": [ 9.5, 9, 9 ],
			"to": [ 10, 9.5, 9.5 ],
			"faces": {
				"south": { "uv": [ 9.5, 6.5, 10, 7 ], "texture": "#texture" },
				"east": { "uv": [ 6.5, 6.5, 7, 7 ], "texture": "#texture" }
			}
		},
		{
			"__comment": "HAT",
			"from": [ 10, 6, 6 ],
			"to": [ 10.5, 6.5, 6.5 ],
			"faces": {
				"up": { "uv": [ 10, 6, 10.5, 6.5 ], "texture": "#texture" },
				"north": { "uv": [ 5.5, 9.5, 6, 10 ], "texture": "#texture" },
				"east": { "uv": [ 9.5, 9.5, 10, 10 ], "texture": "#texture" }
			}
		},
		{
			"__comment": "HAT",
			"from": [ 10, 9.5, 8 ],
			"to": [ 10.5, 10, 9 ],
			"faces": {
				"up": { "uv": [ 10, 8, 10.5, 9 ], "texture": "#texture" },
				"north": { "uv": [ 5.5, 6, 6, 6.5 ], "texture": "#texture" },
				"south": { "uv": [ 10, 6, 10.5, 6.5 ], "texture": "#texture" },
				"east": { "uv": [ 7, 6, 8, 6.5 ], "texture": "#texture" }
			}
		},
		{
			"__comment": "HAT",
			"from": [ 10, 7, 9 ],
			"to": [ 10.5, 7.5, 10 ],
			"faces": {
				"down": { "uv": [ 6, 10, 5.5, 9 ], "texture": "#texture" },
				"up": { "uv": [ 10, 9, 10.5, 10 ], "texture": "#texture" },
				"south": { "uv": [ 10, 8.5, 10.5, 9 ], "texture": "#texture" },
				"east": { "uv": [ 6, 8.5, 7, 9 ], "texture": "#texture" }
			}
		},
		{
			"__comment": "HAT",
			"from": [ 10, 7.5, 9 ],
			"to": [ 10.5, 8, 9.5 ],
			"faces": {
				"south": { "uv": [ 10, 8, 10.5, 8.5 ], "texture": "#texture" },
				"east": { "uv": [ 6.5, 8, 7, 8.5 ], "texture": "#texture" }
			}
		},
		{
			"__comment": "HAT",
			"from": [ 10.5, 1.5, 4.5 ],
			"to": [ 11, 2, 5 ],
			"faces": {
				"up": { "uv": [ 10.5, 4.5, 11, 5 ], "texture": "#texture" },
				"north": { "uv": [ 5, 14, 5.5, 14.5 ], "texture": "#texture" },
				"east": { "uv": [ 11, 14, 11.5, 14.5 ], "texture": "#texture" }
			}
		},
		{
			"__comment": "HAT",
			"from": [ 10.5, 3.5, 5.5 ],
			"to": [ 11, 4, 6 ],
			"faces": {
				"up": { "uv": [ 10.5, 5.5, 11, 6 ], "texture": "#texture" },
				"north": { "uv": [ 5, 12, 5.5, 12.5 ], "texture": "#texture" },
				"east": { "uv": [ 10, 12, 10.5, 12.5 ], "texture": "#texture" }
			}
		},
		{
			"__comment": "HAT",
			"from": [ 10.5, 6, 7.5 ],
			"to": [ 11, 6.5, 9.5 ],
			"faces": {
				"down": { "uv": [ 5.5, 9.5, 5, 7.5 ], "texture": "#texture" },
				"south": { "uv": [ 10.5, 9.5, 11, 10 ], "texture": "#texture" },
				"east": { "uv": [ 6.5, 9.5, 8.5, 10 ], "texture": "#texture" }
			}
		},
		{
			"__comment": "HAT",
			"from": [ 10.5, 7, 9 ],
			"to": [ 11, 7.5, 9.5 ],
			"faces": {
				"up": { "uv": [ 10.5, 9, 11, 9.5 ], "texture": "#texture" },
				"south": { "uv": [ 10.5, 8.5, 11, 9 ], "texture": "#texture" },
				"east": { "uv": [ 6.5, 8.5, 7, 9 ], "texture": "#texture" }
			}
		},
		{
			"__comment": "HAT",
			"from": [ 10.5, 3.5, 10 ],
			"to": [ 11, 4, 10.5 ],
			"faces": {
				"south": { "uv": [ 10.5, 12, 11, 12.5 ], "texture": "#texture" },
				"east": { "uv": [ 5.5, 12, 6, 12.5 ], "texture": "#texture" }
			}
		},
		{
			"__comment": "HAT",
			"from": [ 11, 4.5, 7 ],
			"to": [ 11.5, 5, 9.5 ],
			"faces": {
				"up": { "uv": [ 10, 7, 10.5, 9.5 ], "texture": "#texture" },
				"south": { "uv": [ 11, 11, 11.5, 11.5 ], "texture": "#texture" },
				"east": { "uv": [ 6.5, 11, 9, 11.5 ], "texture": "#texture" }
			}
		},
		{
			"__comment": "HAT",
			"from": [ 11, 5, 7 ],
			"to": [ 11.5, 5.5, 9 ],
			"faces": {
				"up": { "uv": [ 11, 7, 11.5, 9 ], "texture": "#texture" },
				"north": { "uv": [ 4.5, 10.5, 5, 11 ], "texture": "#texture" },
				"south": { "uv": [ 11, 10.5, 11.5, 11 ], "texture": "#texture" },
				"east": { "uv": [ 7, 10.5, 9, 11 ], "texture": "#texture" }
			}
		},
		{
			"__comment": "HAT",
			"from": [ 11, 1.5, 10.5 ],
			"to": [ 11.5, 2, 11 ],
			"faces": {
				"south": { "uv": [ 11, 14, 11.5, 14.5 ], "texture": "#texture" },
				"east": { "uv": [ 5, 14, 5.5, 14.5 ], "texture": "#texture" }
			}
		},
		{
			"__comment": "HAT",
			"from": [ 11.5, 1, 4.5 ],
			"to": [ 12, 1.5, 5 ],
			"faces": {
				"up": { "uv": [ 11.5, 4.5, 12, 5 ], "texture": "#texture" },
				"north": { "uv": [ 4, 14.5, 4.5, 15 ], "texture": "#texture" },
				"east": { "uv": [ 11, 14.5, 11.5, 15 ], "texture": "#texture" }
			}
		},
		{
			"__comment": "HAT",
			"from": [ 11.5, 3, 6.5 ],
			"to": [ 12, 3.5, 9 ],
			"faces": {
				"up": { "uv": [ 11.5, 6.5, 12, 9 ], "texture": "#texture" },
				"north": { "uv": [ 4, 12.5, 4.5, 13 ], "texture": "#texture" },
				"south": { "uv": [ 11.5, 12.5, 12, 13 ], "texture": "#texture" },
				"east": { "uv": [ 7, 12.5, 9.5, 13 ], "texture": "#texture" }
			}
		},
		{
			"__comment": "HAT",
			"from": [ 11.5, 3.5, 7.5 ],
			"to": [ 12, 4, 9 ],
			"faces": {
				"up": { "uv": [ 10, 7.5, 10.5, 9 ], "texture": "#texture" },
				"north": { "uv": [ 4.5, 12, 5, 12.5 ], "texture": "#texture" },
				"south": { "uv": [ 11, 12, 11.5, 12.5 ], "texture": "#texture" },
				"west": { "uv": [ 7.5, 12, 9, 12.5 ], "texture": "#texture" },
				"east": { "uv": [ 7, 12, 8.5, 12.5 ], "texture": "#texture" }
			}
		},
		{
			"__comment": "HAT",
			"from": [ 11.5, 1, 11 ],
			"to": [ 12, 1.5, 11.5 ],
			"faces": {
				"up": { "uv": [ 11, 11, 11.5, 11.5 ], "texture": "#texture" },
				"south": { "uv": [ 11.5, 14.5, 12, 15 ], "texture": "#texture" },
				"east": { "uv": [ 4.5, 14.5, 5, 15 ], "texture": "#texture" }
			}
		},
		{
			"__comment": "HAT",
			"from": [ 12, 1.5, 7 ],
			"to": [ 12.5, 2, 9.5 ],
			"faces": {
				"up": { "uv": [ 10, 7, 10.5, 9.5 ], "texture": "#texture" },
				"north": { "uv": [ 3.5, 14, 4, 14.5 ], "texture": "#texture" },
				"south": { "uv": [ 12, 14, 12.5, 14.5 ], "texture": "#texture" },
				"east": { "uv": [ 6.5, 14, 9, 14.5 ], "texture": "#texture" }
			}
		},
		{
			"__comment": "HAT",
			"from": [ 13, 1, 8 ],
			"to": [ 13.5, 1.5, 8.5 ],
			"faces": {
				"up": { "uv": [ 13, 8, 13.5, 8.5 ], "texture": "#texture" },
				"north": { "uv": [ 2.5, 14.5, 3, 15 ], "texture": "#texture" },
				"south": { "uv": [ 13, 14.5, 13.5, 15 ], "texture": "#texture" },
				"east": { "uv": [ 7.5, 14.5, 8, 15 ], "texture": "#texture" }
			}
		}
	],
	"display": {
		"thirdperson_righthand": {
			"scale":  [ 0.6, 0.6, 0.6 ]
		},
		"thirdperson_lefthand": {
			"scale":  [ 0.6, 0.6, 0.6 ]
		},
		"firstperson_righthand": {
			"translation":  [ 2.65, 2.65, 0 ],
			"scale":  [ 0.6, 0.6, 0.6 ]
		},
		"firstperson_lefthand": {
			"translation":  [ 2.65, 2.65, 0 ],
			"scale":  [ 0.6, 0.6, 0.6 ]
		},
		"gui": {
			"rotation":  [ 0, 90, 0 ]
		},
		"head": {
			"rotation":  [ 0, -91, 0 ],
			"translation":  [ 0, 15.561, 0 ],
			"scale":  [ 1.45, 1.1, 1.39 ]
		},
		"ground": {
			"translation":  [ 0, 3.97, 0 ],
			"scale":  [ 0.6, 0.6, 0.6 ]
		}
	}
}